一,0
丁,1
七,2
万,3
丈,4
三,5
上,6
下,7
不,8
与,9
丏,10
丐,11
丑,12
专,13
且,14
丕,15
世,16
丘,17
丙,18
业,19
丛,20
东,21
丝,22
丞,23
丢,24
两,25
严,26
丧,27
个,28
中,29
丰,30
串,31
临,32
丸,33
丹,34
为,35
主,36
丽,37
举,38
乂,39
乃,40
久,41
么,42
义,43
之,44
乌,45
乍,46
乎,47
乏,48
乒,49
乓,50
乔,51
乖,52
乘,53
乙,54
九,55
乞,56
也,57
习,58
乡,59
书,60
乩,61
买,62
乱,63
乳,64
乾,65
了,66
予,67
争,68
事,69
二,70
亍,71
于,72
亏,73
云,74
互,75
五,76
井,77
亘,78
亚,79
些,80
亟,81
亡,82
亢,83
交,84
亥,85
亦,86
产,87
亨,88
亩,89
享,90
京,91
亭,92
亮,93
亲,94
亳,95
亵,96
亶,97
亹,98
人,99
亿,100
什,101
仁,102
仃,103
仄,104
仅,105
仆,106
仇,107
今,108
介,109
仍,110
从,111
仑,112
仓,113
仔,114
仕,115
他,116
仗,117
付,118
仙,119
仜,120
仞,121
仟,122
仡,123
代,124
令,125
以,126
仪,127
们,128
仰,129
仲,130
仳,131
仵,132
件,133
价,134
任,135
份,136
仿,137
企,138
伉,139
伊,140
伍,141
伎,142
伏,143
伐,144
休,145
伕,146
众,147
优,148
伙,149
伛,150
伞,151
伟,152
传,153
伤,154
伥,155
伦,156
伧,157
伪,158
伫,159
伯,160
估,161
伴,162
伶,163
伸,164
伺,165
似,166
伽,167
佃,168
但,169
佈,170
位,171
低,172
住,173
佐,174
佑,175
体,176
佔,177
何,178
佗,179
余,180
佚,181
佛,182
作,183
佝,184
佞,185
佟,186
你,187
佣,188
佩,189
佬,190
佯,191
佰,192
佳,193
併,194
佻,195
佼,196
佾,197
使,198
侃,199
侄,200
侈,201
例,202
侍,203
侏,204
侑,205
侗,206
供,207
依,208
侠,209
侥,210
侦,211
侧,212
侨,213
侩,214
侪,215
侬,216
侮,217
侯,218
侵,219
侷,220
便,221
促,222
俄,223
俊,224
俎,225
俏,226
俐,227
俑,228
俗,229
俘,230
俚,231
俛,232
保,233
俞,234
俟,235
信,236
俦,237
俨,238
俩,239
俪,240
俭,241
修,242
俯,243
俱,244
俳,245
俶,246
俸,247
俺,248
俾,249
倌,250
倍,251
倏,252
倒,253
倖,254
倘,255
候,256
倚,257
倜,258
借,259
倡,260
倣,261
倥,262
倦,263
倨,264
倩,265
倪,266
倭,267
债,268
值,269
倾,270
偃,271
假,272
偈,273
偌,274
偎,275
偏,276
偕,277
做,278
停,279
健,280
偬,281
偶,282
偷,283
偺,284
偻,285
偿,286
傀,287
傅,288
傜,289
傢,290
傥,291
傧,292
储,293
催,294
傲,295
傻,296
像,297
僕,298
僖,299
僚,300
僧,301
僬,302
僭,303
僮,304
僱,305
僵,306
僻,307
儆,308
儒,309
儡,310
儵,311
儸,312
儿,313
兀,314
允,315
元,316
兄,317
充,318
兆,319
先,320
光,321
克,322
免,323
兑,324
兔,325
兕,326
兖,327
党,328
兜,329
兢,330
入,331
全,332
八,333
公,334
六,335
兮,336
兰,337
共,338
关,339
兴,340
兵,341
其,342
具,343
典,344
兹,345
养,346
兼,347
兽,348
冀,349
内,350
冈,351
冉,352
册,353
再,354
冑,355
冒,356
冕,357
冗,358
写,359
农,360
冠,361
冢,362
冤,363
冥,364
冬,365
冯,366
冰,367
冱,368
冲,369
决,370
况,371
冶,372
冷,373
冻,374
冽,375
净,376
凄,377
准,378
凉,379
凋,380
凌,381
减,382
凑,383
凛,384
凝,385
几,386
凡,387
凤,388
凫,389
凭,390
凯,391
凰,392
凳,393
凶,394
凸,395
凹,396
出,397
击,398
函,399
凿,400
刀,401
刁,402
刃,403
分,404
切,405
刈,406
刊,407
刍,408
刎,409
刑,410
划,411
刖,412
列,413
刘,414
则,415
刚,416
创,417
初,418
删,419
判,420
刨,421
利,422
别,423
刭,424
刮,425
到,426
制,427
刷,428
券,429
刺,430
刻,431
刽,432
刿,433
剀,434
剁,435
剂,436
剃,437
剉,438
削,439
剋,440
剌,441
前,442
剎,443
剐,444
剑,445
剔,446
剖,447
剜,448
剡,449
剥,450
剧,451
剩,452
剪,453
副,454
割,455
剷,456
剽,457
剿,458
劓,459
力,460
劝,461
办,462
功,463
加,464
务,465
劢,466
劣,467
动,468
助,469
努,470
劬,471
劭,472
励,473
劲,474
劳,475
劾,476
势,477
勃,478
勇,479
勉,480
勋,481
勐,482
勒,483
勖,484
勗,485
勘,486
勛,487
募,488
勤,489
勦,490
勰,491
勷,492
勺,493
勾,494
勿,495
匀,496
包,497
匆,498
匈,499
匍,500
匏,501
匐,502
匕,503
化,504
北,505
匙,506
匝,507
匠,508
匡,509
匣,510
匦,511
匪,512
匮,513
匯,514
匹,515
区,516
医,517
匾,518
匿,519
十,520
千,521
卅,522
午,523
卉,524
半,525
华,526
协,527
卑,528
卒,529
卓,530
单,531
卖,532
南,533
博,534
卜,535
卞,536
占,537
卡,538
卢,539
卤,540
卦,541
卧,542
卫,543
卬,544
卮,545
卯,546
印,547
危,548
即,549
却,550
卵,551
卷,552
卸,553
卹,554
卿,555
厂,556
厄,557
厅,558
历,559
厉,560
压,561
厌,562
厕,563
厚,564
厝,565
原,566
厢,567
厥,568
厦,569
厨,570
厩,571
厮,572
厹,573
去,574
县,575
参,576
叆,577
叇,578
又,579
叉,580
及,581
友,582
双,583
反,584
发,585
叔,586
取,587
受,588
变,589
叙,590
叛,591
叟,592
叠,593
叡,594
句,595
另,596
叨,597
叩,598
只,599
叫,600
召,601
叭,602
叮,603
可,604
台,605
叱,606
史,607
右,608
叵,609
叶,610
号,611
司,612
叹,613
叼,614
叽,615
吁,616
吃,617
各,618
吆,619
合,620
吉,621
吊,622
吋,623
同,624
名,625
后,626
吏,627
吐,628
向,629
吓,630
吕,631
吗,632
君,633
吝,634
吞,635
吟,636
吠,637
否,638
吧,639
吨,640
吩,641
含,642
听,643
吭,644
吮,645
启,646
吱,647
吴,648
吵,649
吶,650
吸,651
吹,652
吻,653
吼,654
呀,655
呃,656
呆,657
呈,658
告,659
呎,660
呓,661
呕,662
员,663
呙,664
呛,665
呜,666
呢,667
呦,668
周,669
味,670
呵,671
呶,672
呷,673
呸,674
呻,675
命,676
咀,677
咄,678
咆,679
咋,680
和,681
咎,682
咏,683
咐,684
咒,685
咕,686
咖,687
咙,688
咚,689
咛,690
咤,691
咦,692
咧,693
咨,694
咩,695
咪,696
咫,697
咬,698
咯,699
咱,700
咳,701
咷,702
咸,703
咻,704
咽,705
咿,706
哀,707
品,708
哂,709
哄,710
哆,711
哇,712
哈,713
哉,714
哌,715
响,716
哎,717
哑,718
哗,719
哝,720
哟,721
哥,722
哦,723
哧,724
哨,725
哩,726
哪,727
哭,728
哮,729
哲,730
哳,731
哺,732
哼,733
哽,734
唁,735
唆,736
唇,737
唉,738
唏,739
唐,740
唔,741
唠,742
唢,743
唤,744
唧,745
唬,746
售,747
唯,748
唰,749
唱,750
唳,751
唵,752
唷,753
唸,754
唾,755
唿,756
啁,757
啃,758
啄,759
商,760
啊,761
啐,762
啕,763
啖,764
啗,765
啜,766
啡,767
啣,768
啤,769
啥,770
啦,771
啧,772
啪,773
啬,774
啭,775
啮,776
啰,777
啷,778
啸,779
啻,780
啼,781
啾,782
喀,783
喁,784
喂,785
喃,786
善,787
喇,788
喉,789
喊,790
喋,791
喏,792
喑,793
喒,794
喔,795
喘,796
喙,797
喜,798
喝,799
喟,800
喧,801
喫,802
喱,803
喳,804
喵,805
喷,806
喻,807
喽,808
喾,809
嗄,810
嗅,811
嗉,812
嗑,813
嗓,814
嗔,815
嗜,816
嗝,817
嗟,818
嗡,819
嗣,820
嗤,821
嗥,822
嗦,823
嗨,824
嗫,825
嗯,826
嗲,827
嗳,828
嗷,829
嗽,830
嗾,831
嘀,832
嘆,833
嘈,834
嘉,835
嘎,836
嘏,837
嘓,838
嘘,839
嘛,840
嘟,841
嘤,842
嘱,843
嘲,844
嘴,845
嘶,846
嘹,847
嘻,848
嘿,849
噁,850
噉,851
噎,852
噗,853
噘,854
噙,855
噜,856
噢,857
噤,858
器,859
噩,860
噫,861
噬,862
噱,863
噶,864
噹,865
噼,866
嚅,867
嚎,868
嚏,869
嚣,870
嚥,871
嚧,872
嚭,873
嚮,874
嚷,875
嚼,876
囊,877
囌,878
囍,879
囓,880
囔,881
囚,882
四,883
囝,884
回,885
囟,886
因,887
囡,888
团,889
囤,890
囫,891
园,892
囮,893
困,894
囱,895
围,896
囵,897
囷,898
囹,899
固,900
国,901
图,902
囿,903
圃,904
圄,905
圆,906
圈,907
圉,908
圜,909
土,910
圣,911
在,912
圩,913
圬,914
圭,915
圮,916
圯,917
地,918
圳,919
圹,920
场,921
圻,922
址,923
坂,924
均,925
坊,926
坍,927
坎,928
坏,929
坐,930
坑,931
块,932
坚,933
坛,934
坜,935
坝,936
坞,937
坟,938
坠,939
坡,940
坤,941
坦,942
坩,943
坪,944
坫,945
坯,946
坱,947
坳,948
坷,949
坻,950
坼,951
垂,952
垃,953
垅,954
型,955
垒,956
垓,957
垛,958
垝,959
垠,960
垢,961
垣,962
垤,963
垦,964
垩,965
垮,966
埂,967
埃,968
埋,969
城,970
埔,971
埕,972
埝,973
域,974
埠,975
埤,976
埵,977
埸,978
培,979
基,980
堂,981
堆,982
堑,983
堕,984
堡,985
堤,986
堪,987
堰,988
堵,989
塌,990
塑,991
塔,992
塘,993
塞,994
填,995
塭,996
墀,997
境,998
墅,999
墉,1000
墓,1001
墙,1002
增,1003
墟,1004
墨,1005
墩,1006
壅,1007
壎,1008
壑,1009
壕,1010
壤,1011
士,1012
壬,1013
壮,1014
声,1015
壳,1016
壶,1017
壸,1018
壹,1019
处,1020
备,1021
复,1022
夏,1023
夔,1024
夕,1025
外,1026
夙,1027
多,1028
夜,1029
够,1030
夤,1031
大,1032
天,1033
太,1034
夫,1035
夭,1036
央,1037
失,1038
头,1039
夷,1040
夸,1041
夹,1042
夺,1043
奁,1044
奂,1045
奄,1046
奇,1047
奈,1048
奉,1049
奋,1050
奎,1051
契,1052
奔,1053
奕,1054
奖,1055
套,1056
奘,1057
奚,1058
奠,1059
奢,1060
奥,1061
女,1062
奴,1063
奶,1064
奸,1065
奼,1066
好,1067
妁,1068
如,1069
妃,1070
妄,1071
妆,1072
妇,1073
妈,1074
妊,1075
妍,1076
妒,1077
妓,1078
妖,1079
妗,1080
妙,1081
妞,1082
妣,1083
妤,1084
妥,1085
妨,1086
妩,1087
妪,1088
妮,1089
妯,1090
妲,1091
妳,1092
妹,1093
妻,1094
妾,1095
姆,1096
姊,1097
始,1098
姐,1099
姑,1100
姒,1101
姓,1102
委,1103
姗,1104
姘,1105
姚,1106
姜,1107
姝,1108
姣,1109
姥,1110
姦,1111
姨,1112
姪,1113
姬,1114
姻,1115
姿,1116
威,1117
娃,1118
娄,1119
娇,1120
娉,1121
娌,1122
娑,1123
娓,1124
娘,1125
娜,1126
娟,1127
娠,1128
娣,1129
娥,1130
娩,1131
娱,1132
娲,1133
娴,1134
娶,1135
娼,1136
婀,1137
婆,1138
婉,1139
婊,1140
婕,1141
婗,1142
婚,1143
婢,1144
婪,1145
婴,1146
婵,1147
婶,1148
婷,1149
婺,1150
婼,1151
婿,1152
媒,1153
媚,1154
媛,1155
媲,1156
媳,1157
媵,1158
媸,1159
媾,1160
嫁,1161
嫂,1162
嫄,1163
嫉,1164
嫌,1165
嫒,1166
嫔,1167
嫖,1168
嫘,1169
嫛,1170
嫠,1171
嫡,1172
嫣,1173
嫦,1174
嫩,1175
嫱,1176
嬉,1177
嬖,1178
嬗,1179
嬝,1180
嬭,1181
嬴,1182
嬷,1183
孀,1184
孃,1185
子,1186
孑,1187
孓,1188
孔,1189
孕,1190
字,1191
存,1192
孙,1193
孚,1194
孜,1195
孝,1196
孟,1197
孢,1198
季,1199
孤,1200
孥,1201
学,1202
孩,1203
孪,1204
孰,1205
孱,1206
孳,1207
孵,1208
孽,1209
宁,1210
它,1211
宄,1212
宅,1213
宇,1214
守,1215
安,1216
宋,1217
宏,1218
宓,1219
宕,1220
宗,1221
官,1222
宙,1223
定,1224
宛,1225
宜,1226
宝,1227
实,1228
宠,1229
审,1230
客,1231
宣,1232
室,1233
宥,1234
宦,1235
宪,1236
宫,1237
宰,1238
害,1239
宴,1240
宵,1241
家,1242
宸,1243
容,1244
宽,1245
宾,1246
宿,1247
寂,1248
寄,1249
寅,1250
密,1251
寇,1252
富,1253
寐,1254
寒,1255
寓,1256
寔,1257
寙,1258
寝,1259
寞,1260
察,1261
寡,1262
寤,1263
寥,1264
寨,1265
寮,1266
寰,1267
寸,1268
对,1269
寺,1270
寻,1271
导,1272
寿,1273
封,1274
射,1275
将,1276
尉,1277
尊,1278
小,1279
少,1280
尔,1281
尖,1282
尘,1283
尚,1284
尝,1285
尟,1286
尤,1287
尧,1288
尨,1289
尪,1290
尬,1291
就,1292
尴,1293
尸,1294
尹,1295
尺,1296
尻,1297
尼,1298
尽,1299
尾,1300
尿,1301
局,1302
屁,1303
层,1304
居,1305
屈,1306
屉,1307
届,1308
屋,1309
屎,1310
屏,1311
屐,1312
屑,1313
展,1314
屘,1315
属,1316
屠,1317
屡,1318
屣,1319
履,1320
屦,1321
屯,1322
山,1323
屹,1324
屿,1325
岁,1326
岂,1327
岈,1328
岌,1329
岐,1330
岑,1331
岔,1332
岖,1333
岗,1334
岚,1335
岛,1336
岩,1337
岫,1338
岬,1339
岭,1340
岱,1341
岳,1342
岷,1343
岸,1344
峇,1345
峋,1346
峒,1347
峗,1348
峙,1349
峡,1350
峥,1351
峦,1352
峨,1353
峪,1354
峭,1355
峰,1356
峻,1357
崁,1358
崄,1359
崆,1360
崇,1361
崎,1362
崑,1363
崔,1364
崖,1365
崙,1366
崛,1367
崟,1368
崤,1369
崧,1370
崩,1371
崭,1372
崴,1373
崽,1374
嵇,1375
嵊,1376
嵋,1377
嵌,1378
嵎,1379
嵘,1380
嵚,1381
嵩,1382
嵬,1383
嵯,1384
嵴,1385
嶂,1386
嶙,1387
嶝,1388
嶷,1389
巅,1390
巇,1391
巉,1392
巍,1393
巖,1394
巘,1395
川,1396
州,1397
巡,1398
巢,1399
工,1400
左,1401
巧,1402
巨,1403
巩,1404
巫,1405
差,1406
己,1407
已,1408
巳,1409
巴,1410
巷,1411
巽,1412
巾,1413
币,1414
市,1415
布,1416
帅,1417
帆,1418
师,1419
希,1420
帐,1421
帑,1422
帔,1423
帕,1424
帖,1425
帘,1426
帙,1427
帛,1428
帜,1429
帝,1430
带,1431
帧,1432
帩,1433
席,1434
帮,1435
帷,1436
常,1437
帼,1438
帽,1439
幂,1440
幄,1441
幅,1442
幌,1443
幔,1444
幕,1445
幛,1446
幡,1447
幢,1448
干,1449
平,1450
年,1451
并,1452
幸,1453
幻,1454
幼,1455
幽,1456
广,1457
庄,1458
庆,1459
庇,1460
床,1461
庋,1462
序,1463
庐,1464
庑,1465
库,1466
应,1467
底,1468
庖,1469
店,1470
庙,1471
庚,1472
府,1473
庞,1474
废,1475
庠,1476
度,1477
座,1478
庭,1479
庰,1480
庵,1481
庶,1482
康,1483
庸,1484
庹,1485
庾,1486
廉,1487
廊,1488
廋,1489
廓,1490
廕,1491
廖,1492
廨,1493
廪,1494
延,1495
廷,1496
建,1497
廿,1498
开,1499
弁,1500
异,1501
弃,1502
弄,1503
弈,1504
弊,1505
弋,1506
式,1507
弒,1508
弓,1509
引,1510
弗,1511
弘,1512
弛,1513
弟,1514
张,1515
弥,1516
弦,1517
弧,1518
弩,1519
弭,1520
弯,1521
弱,1522
弹,1523
弼,1524
彀,1525
彊,1526
归,1527
当,1528
录,1529
彖,1530
彗,1531
彘,1532
彝,1533
形,1534
彤,1535
彦,1536
彧,1537
彩,1538
彪,1539
彫,1540
彬,1541
彭,1542
彰,1543
影,1544
彷,1545
役,1546
彻,1547
彼,1548
彿,1549
往,1550
征,1551
径,1552
待,1553
徇,1554
很,1555
徉,1556
徊,1557
律,1558
徐,1559
徒,1560
徕,1561
得,1562
徘,1563
徙,1564
徜,1565
御,1566
徨,1567
復,1568
循,1569
徬,1570
徭,1571
微,1572
徵,1573
德,1574
徼,1575
徽,1576
心,1577
必,1578
忆,1579
忌,1580
忍,1581
忏,1582
忐,1583
忑,1584
忒,1585
忖,1586
志,1587
忘,1588
忙,1589
忝,1590
忠,1591
忡,1592
忤,1593
忧,1594
忪,1595
快,1596
忮,1597
忱,1598
念,1599
忸,1600
忽,1601
忾,1602
忿,1603
怀,1604
态,1605
怂,1606
怃,1607
怅,1608
怆,1609
怍,1610
怎,1611
怏,1612
怒,1613
怔,1614
怕,1615
怖,1616
怙,1617
怜,1618
思,1619
怠,1620
怡,1621
急,1622
怦,1623
性,1624
怨,1625
怩,1626
怪,1627
怯,1628
总,1629
怼,1630
恁,1631
恂,1632
恃,1633
恆,1634
恋,1635
恍,1636
恐,1637
恕,1638
恙,1639
恚,1640
恢,1641
恣,1642
恤,1643
恨,1644
恩,1645
恪,1646
恫,1647
恬,1648
恭,1649
息,1650
恰,1651
恳,1652
恶,1653
恸,1654
恹,1655
恺,1656
恻,1657
恼,1658
恿,1659
悃,1660
悄,1661
悉,1662
悌,1663
悍,1664
悒,1665
悔,1666
悖,1667
悚,1668
悛,1669
悝,1670
悟,1671
悠,1672
患,1673
悦,1674
您,1675
悬,1676
悭,1677
悯,1678
悱,1679
悲,1680
悴,1681
悸,1682
悻,1683
悼,1684
悽,1685
情,1686
惆,1687
惊,1688
惋,1689
惑,1690
惕,1691
惘,1692
惙,1693
惚,1694
惛,1695
惜,1696
惟,1697
惠,1698
惦,1699
惧,1700
惨,1701
惩,1702
惫,1703
惬,1704
惭,1705
惮,1706
惯,1707
惰,1708
想,1709
惴,1710
惶,1711
惹,1712
惺,1713
愀,1714
愁,1715
愆,1716
愈,1717
愉,1718
愎,1719
意,1720
愒,1721
愕,1722
愚,1723
感,1724
愠,1725
愣,1726
愤,1727
愦,1728
愧,1729
愫,1730
愿,1731
慇,1732
慈,1733
慊,1734
慌,1735
慎,1736
慑,1737
慓,1738
慕,1739
慝,1740
慢,1741
慧,1742
慨,1743
慰,1744
慵,1745
慷,1746
慼,1747
慾,1748
憋,1749
憎,1750
憔,1751
憧,1752
憨,1753
憩,1754
憬,1755
憷,1756
憾,1757
懂,1758
懃,1759
懈,1760
懊,1761
懋,1762
懑,1763
懒,1764
懔,1765
懞,1766
懦,1767
懵,1768
懿,1769
戆,1770
戈,1771
戊,1772
戋,1773
戌,1774
戍,1775
戎,1776
戏,1777
成,1778
我,1779
戒,1780
戕,1781
或,1782
战,1783
戚,1784
戛,1785
戟,1786
戡,1787
戢,1788
戥,1789
截,1790
戬,1791
戮,1792
戳,1793
戴,1794
户,1795
戽,1796
戾,1797
房,1798
所,1799
扁,1800
扃,1801
扇,1802
扈,1803
扉,1804
手,1805
才,1806
扎,1807
扑,1808
扒,1809
打,1810
扔,1811
托,1812
扙,1813
扞,1814
执,1815
扩,1816
扪,1817
扫,1818
扬,1819
扭,1820
扮,1821
扯,1822
扰,1823
扳,1824
扶,1825
批,1826
扺,1827
扼,1828
找,1829
承,1830
技,1831
抄,1832
抆,1833
抉,1834
把,1835
抑,1836
抒,1837
抓,1838
投,1839
抖,1840
抗,1841
折,1842
抚,1843
抛,1844
抟,1845
抡,1846
抢,1847
护,1848
报,1849
披,1850
抬,1851
抱,1852
抹,1853
押,1854
抽,1855
抿,1856
拂,1857
拄,1858
担,1859
拆,1860
拇,1861
拈,1862
拉,1863
拊,1864
拌,1865
拍,1866
拎,1867
拏,1868
拐,1869
拑,1870
拒,1871
拓,1872
拔,1873
拖,1874
拗,1875
拘,1876
拙,1877
招,1878
拜,1879
拟,1880
拢,1881
拣,1882
拥,1883
拦,1884
拧,1885
拨,1886
择,1887
拭,1888
拮,1889
拯,1890
拱,1891
拳,1892
拴,1893
拷,1894
拼,1895
拽,1896
持,1897
挂,1898
指,1899
挈,1900
按,1901
挐,1902
挑,1903
挖,1904
挚,1905
挛,1906
挝,1907
挞,1908
挟,1909
挠,1910
挡,1911
挣,1912
挤,1913
挥,1914
挨,1915
挪,1916
挫,1917
振,1918
挲,1919
挹,1920
挺,1921
挽,1922
捂,1923
捅,1924
捆,1925
捉,1926
捋,1927
捌,1928
捍,1929
捎,1930
捏,1931
捐,1932
捞,1933
损,1934
捡,1935
换,1936
捣,1937
捧,1938
捨,1939
捩,1940
捭,1941
据,1942
捲,1943
捶,1944
捷,1945
捺,1946
捻,1947
掀,1948
掂,1949
掇,1950
授,1951
掉,1952
掊,1953
掌,1954
掏,1955
掐,1956
排,1957
掔,1958
掖,1959
掘,1960
掠,1961
採,1962
探,1963
掣,1964
接,1965
控,1966
推,1967
掩,1968
措,1969
掬,1970
掮,1971
掰,1972
掳,1973
掴,1974
掷,1975
掸,1976
掺,1977
掼,1978
掾,1979
揄,1980
揆,1981
揉,1982
揍,1983
描,1984
提,1985
插,1986
揖,1987
揠,1988
握,1989
揣,1990
揩,1991
揪,1992
揭,1993
援,1994
揶,1995
揹,1996
揽,1997
搀,1998
搁,1999
搂,2000
搅,2001
搆,2002
搏,2003
搐,2004
搓,2005
搔,2006
搜,2007
搞,2008
搥,2009
搧,2010
搪,2011
搬,2012
搭,2013
搴,2014
搵,2015
携,2016
搽,2017
搾,2018
搿,2019
摀,2020
摄,2021
摆,2022
摇,2023
摈,2024
摊,2025
摒,2026
摔,2027
摘,2028
摧,2029
摩,2030
摭,2031
摸,2032
摹,2033
摺,2034
摽,2035
撂,2036
撇,2037
撑,2038
撒,2039
撕,2040
撙,2041
撝,2042
撞,2043
撢,2044
撤,2045
撩,2046
撬,2047
播,2048
撮,2049
撰,2050
撵,2051
撷,2052
撺,2053
撼,2054
擂,2055
擅,2056
操,2057
擎,2058
擒,2059
擘,2060
擞,2061
擢,2062
擣,2063
擦,2064
攀,2065
攒,2066
攘,2067
攫,2068
支,2069
收,2070
攸,2071
改,2072
攻,2073
放,2074
政,2075
故,2076
效,2077
敉,2078
敌,2079
敏,2080
救,2081
敕,2082
敖,2083
教,2084
敛,2085
敝,2086
敞,2087
敢,2088
散,2089
敦,2090
敧,2091
敬,2092
数,2093
敲,2094
整,2095
敷,2096
敻,2097
文,2098
斋,2099
斌,2100
斐,2101
斑,2102
斓,2103
斗,2104
料,2105
斛,2106
斜,2107
斟,2108
斡,2109
斤,2110
斥,2111
斧,2112
斩,2113
斫,2114
断,2115
斯,2116
新,2117
斲,2118
方,2119
施,2120
旁,2121
旂,2122
旄,2123
旅,2124
旆,2125
旋,2126
旌,2127
旎,2128
族,2129
旒,2130
旖,2131
旗,2132
旛,2133
无,2134
既,2135
日,2136
旦,2137
旧,2138
旨,2139
早,2140
旬,2141
旭,2142
旱,2143
旴,2144
时,2145
旷,2146
旺,2147
旻,2148
昀,2149
昂,2150
昃,2151
昆,2152
昇,2153
昉,2154
昊,2155
昌,2156
明,2157
昏,2158
易,2159
昔,2160
昕,2161
昙,2162
昝,2163
星,2164
映,2165
春,2166
昧,2167
昨,2168
昭,2169
是,2170
昱,2171
昶,2172
昺,2173
昼,2174
昽,2175
显,2176
晁,2177
晃,2178
晋,2179
晌,2180
晏,2181
晒,2182
晓,2183
晔,2184
晕,2185
晖,2186
晚,2187
晞,2188
晟,2189
晢,2190
晤,2191
晦,2192
晨,2193
普,2194
景,2195
晰,2196
晴,2197
晶,2198
晷,2199
智,2200
晾,2201
暂,2202
暄,2203
暇,2204
暌,2205
暑,2206
暖,2207
暗,2208
暝,2209
暧,2210
暨,2211
暮,2212
暱,2213
暴,2214
暹,2215
曌,2216
曙,2217
曚,2218
曜,2219
曝,2220
曦,2221
曩,2222
曰,2223
曲,2224
曳,2225
更,2226
曹,2227
曼,2228
曾,2229
替,2230
最,2231
月,2232
有,2233
朋,2234
服,2235
朏,2236
朔,2237
朗,2238
望,2239
朝,2240
期,2241
朦,2242
木,2243
未,2244
末,2245
本,2246
札,2247
朮,2248
术,2249
朱,2250
朴,2251
朵,2252
机,2253
朽,2254
杀,2255
杂,2256
权,2257
杆,2258
杇,2259
杈,2260
杉,2261
杌,2262
李,2263
杏,2264
材,2265
村,2266
杓,2267
杖,2268
杜,2269
杞,2270
束,2271
杠,2272
条,2273
来,2274
杨,2275
杪,2276
杭,2277
杯,2278
杰,2279
杳,2280
杵,2281
杷,2282
杼,2283
松,2284
板,2285
极,2286
构,2287
枇,2288
枉,2289
枋,2290
析,2291
枒,2292
枕,2293
林,2294
枘,2295
果,2296
枝,2297
枞,2298
枢,2299
枣,2300
枥,2301
枪,2302
枫,2303
枭,2304
枯,2305
枰,2306
枴,2307
枵,2308
架,2309
枷,2310
枸,2311
柄,2312
柏,2313
某,2314
柑,2315
柒,2316
染,2317
柔,2318
柘,2319
柙,2320
柚,2321
柜,2322
柝,2323
柞,2324
柠,2325
查,2326
柩,2327
柬,2328
柯,2329
柰,2330
柱,2331
柳,2332
柴,2333
柸,2334
柽,2335
柿,2336
栀,2337
栅,2338
标,2339
栈,2340
栉,2341
栊,2342
栋,2343
栎,2344
栏,2345
树,2346
栓,2347
栖,2348
栗,2349
栝,2350
校,2351
栩,2352
株,2353
栱,2354
栴,2355
样,2356
核,2357
根,2358
格,2359
栽,2360
栾,2361
桀,2362
桂,2363
桃,2364
桅,2365
框,2366
案,2367
桌,2368
桎,2369
桐,2370
桑,2371
桓,2372
桔,2373
桠,2374
桢,2375
档,2376
桥,2377
桦,2378
桧,2379
桩,2380
桴,2381
桶,2382
桿,2383
梁,2384
梃,2385
梅,2386
梏,2387
梓,2388
梗,2389
梢,2390
梦,2391
梧,2392
梨,2393
梭,2394
梯,2395
械,2396
梱,2397
梲,2398
梳,2399
梵,2400
梼,2401
检,2402
棉,2403
棋,2404
棍,2405
棕,2406
棘,2407
棚,2408
棠,2409
棣,2410
森,2411
棵,2412
棹,2413
棺,2414
棼,2415
椁,2416
椅,2417
植,2418
椎,2419
椒,2420
椟,2421
椪,2422
椭,2423
椰,2424
椹,2425
椽,2426
椿,2427
楂,2428
楔,2429
楚,2430
楞,2431
楠,2432
楣,2433
楫,2434
楮,2435
楶,2436
楷,2437
楹,2438
楼,2439
概,2440
榄,2441
榆,2442
榇,2443
榈,2444
榉,2445
榔,2446
榕,2447
榛,2448
榜,2449
榨,2450
榫,2451
榭,2452
榴,2453
榷,2454
榻,2455
槃,2456
槊,2457
槌,2458
槎,2459
槐,2460
槓,2461
槛,2462
槟,2463
槭,2464
槽,2465
槿,2466
樊,2467
樘,2468
樟,2469
模,2470
樨,2471
横,2472
樱,2473
樵,2474
樽,2475
橄,2476
橇,2477
橐,2478
橘,2479
橙,2480
橛,2481
橡,2482
橥,2483
橱,2484
橹,2485
檀,2486
檄,2487
檐,2488
檗,2489
檠,2490
檬,2491
櫂,2492
櫺,2493
欠,2494
次,2495
欢,2496
欣,2497
欤,2498
欧,2499
欬,2500
欱,2501
欲,2502
欷,2503
欸,2504
欹,2505
欺,2506
款,2507
歃,2508
歆,2509
歇,2510
歉,2511
歌,2512
歔,2513
歙,2514
歠,2515
止,2516
正,2517
此,2518
步,2519
武,2520
歧,2521
歪,2522
歷,2523
歹,2524
死,2525
歼,2526
殂,2527
殃,2528
殄,2529
殆,2530
殇,2531
殉,2532
殊,2533
残,2534
殍,2535
殒,2536
殓,2537
殖,2538
殚,2539
殛,2540
殡,2541
殪,2542
殭,2543
殳,2544
殴,2545
段,2546
殷,2547
殽,2548
殿,2549
毁,2550
毂,2551
毋,2552
毌,2553
母,2554
每,2555
毒,2556
毓,2557
比,2558
毕,2559
毗,2560
毙,2561
毛,2562
毡,2563
毫,2564
毬,2565
毯,2566
毽,2567
氅,2568
氏,2569
氐,2570
民,2571
氓,2572
气,2573
氖,2574
氙,2575
氛,2576
氟,2577
氢,2578
氤,2579
氦,2580
氧,2581
氨,2582
氩,2583
氪,2584
氮,2585
氯,2586
氰,2587
氲,2588
水,2589
永,2590
氾,2591
汀,2592
汁,2593
求,2594
汆,2595
汇,2596
汉,2597
汎,2598
汐,2599
汕,2600
汗,2601
汛,2602
汝,2603
汞,2604
江,2605
池,2606
污,2607
汤,2608
汨,2609
汩,2610
汪,2611
汰,2612
汲,2613
汴,2614
汶,2615
汹,2616
汽,2617
汾,2618
沁,2619
沂,2620
沃,2621
沅,2622
沆,2623
沈,2624
沉,2625
沌,2626
沏,2627
沐,2628
沓,2629
沔,2630
沖,2631
沙,2632
沚,2633
沛,2634
沟,2635
沤,2636
沥,2637
沦,2638
沧,2639
沪,2640
沫,2641
沮,2642
沱,2643
河,2644
沴,2645
沸,2646
油,2647
治,2648
沼,2649
沽,2650
沾,2651
沿,2652
泄,2653
泅,2654
泉,2655
泊,2656
泌,2657
泓,2658
泔,2659
法,2660
泖,2661
泗,2662
泛,2663
泞,2664
泠,2665
泡,2666
波,2667
泣,2668
泥,2669
注,2670
泪,2671
泫,2672
泮,2673
泯,2674
泰,2675
泱,2676
泳,2677
泵,2678
泷,2679
泸,2680
泻,2681
泼,2682
泽,2683
泾,2684
洁,2685
洄,2686
洋,2687
洌,2688
洎,2689
洒,2690
洗,2691
洙,2692
洛,2693
洞,2694
津,2695
洩,2696
洪,2697
洫,2698
洮,2699
洱,2700
洲,2701
洳,2702
洵,2703
活,2704
洼,2705
洽,2706
派,2707
洿,2708
流,2709
浃,2710
浅,2711
浆,2712
浇,2713
浊,2714
浍,2715
济,2716
浏,2717
浑,2718
浒,2719
浓,2720
浔,2721
浙,2722
浚,2723
浞,2724
浣,2725
浥,2726
浦,2727
浩,2728
浪,2729
浬,2730
浮,2731
浴,2732
海,2733
浸,2734
涂,2735
涅,2736
消,2737
涉,2738
涌,2739
涎,2740
涑,2741
涓,2742
涔,2743
涕,2744
涛,2745
涝,2746
涟,2747
涡,2748
涣,2749
涤,2750
润,2751
涧,2752
涨,2753
涩,2754
涪,2755
涮,2756
涯,2757
液,2758
涵,2759
涸,2760
涿,2761
淀,2762
淄,2763
淅,2764
淆,2765
淇,2766
淋,2767
淌,2768
淑,2769
淖,2770
淘,2771
淙,2772
淝,2773
淞,2774
淡,2775
淤,2776
淦,2777
淫,2778
淬,2779
淮,2780
深,2781
淳,2782
混,2783
淹,2784
添,2785
淼,2786
清,2787
渊,2788
渍,2789
渎,2790
渐,2791
渑,2792
渔,2793
渖,2794
渗,2795
渚,2796
渝,2797
渠,2798
渡,2799
渣,2800
渤,2801
渥,2802
温,2803
渭,2804
港,2805
渲,2806
渴,2807
游,2808
渺,2809
湃,2810
湄,2811
湍,2812
湎,2813
湔,2814
湖,2815
湘,2816
湛,2817
湟,2818
湮,2819
湲,2820
湾,2821
湿,2822
溃,2823
溅,2824
溉,2825
源,2826
溘,2827
溟,2828
溢,2829
溥,2830
溪,2831
溯,2832
溴,2833
溶,2834
溷,2835
溺,2836
溼,2837
溽,2838
滁,2839
滂,2840
滇,2841
滋,2842
滑,2843
滓,2844
滔,2845
滕,2846
滞,2847
满,2848
滦,2849
滨,2850
滩,2851
滴,2852
滷,2853
滹,2854
漂,2855
漆,2856
漉,2857
漏,2858
漓,2859
演,2860
漕,2861
漠,2862
漤,2863
漦,2864
漩,2865
漪,2866
漫,2867
漯,2868
漳,2869
漶,2870
漾,2871
潇,2872
潋,2873
潍,2874
潘,2875
潜,2876
潢,2877
潦,2878
潭,2879
潮,2880
潸,2881
潺,2882
潼,2883
澂,2884
澄,2885
澈,2886
澉,2887
澌,2888
澍,2889
澎,2890
澜,2891
澡,2892
澣,2893
澧,2894
澳,2895
澶,2896
澹,2897
激,2898
濂,2899
濑,2900
濒,2901
濛,2902
濠,2903
濡,2904
濬,2905
濮,2906
濯,2907
瀑,2908
瀚,2909
瀛,2910
瀣,2911
瀰,2912
瀹,2913
灌,2914
灏,2915
灕,2916
灞,2917
灨,2918
火,2919
灭,2920
灯,2921
灰,2922
灵,2923
灶,2924
灸,2925
灼,2926
灾,2927
灿,2928
炀,2929
炉,2930
炊,2931
炎,2932
炒,2933
炔,2934
炕,2935
炖,2936
炘,2937
炙,2938
炜,2939
炫,2940
炬,2941
炭,2942
炮,2943
炯,2944
炰,2945
炳,2946
炷,2947
炸,2948
点,2949
炼,2950
炽,2951
烁,2952
烂,2953
烃,2954
烈,2955
烊,2956
烘,2957
烙,2958
烛,2959
烝,2960
烟,2961
烤,2962
烦,2963
烧,2964
烩,2965
烫,2966
烬,2967
热,2968
烯,2969
烷,2970
烹,2971
烽,2972
焉,2973
焊,2974
焕,2975
焖,2976
焗,2977
焘,2978
焙,2979
焚,2980
焠,2981
焦,2982
焯,2983
焰,2984
焱,2985
然,2986
煇,2987
煌,2988
煎,2989
煖,2990
煜,2991
煞,2992
煤,2993
照,2994
煨,2995
煮,2996
煲,2997
煳,2998
煽,2999
熄,3000
熊,3001
熏,3002
熔,3003
熘,3004
熙,3005
熟,3006
熠,3007
熨,3008
熬,3009
熹,3010
燃,3011
燊,3012
燎,3013
燐,3014
燔,3015
燕,3016
燠,3017
燥,3018
燧,3019
燬,3020
燮,3021
燹,3022
燻,3023
爆,3024
爨,3025
爪,3026
爬,3027
爰,3028
爱,3029
父,3030
爷,3031
爻,3032
爽,3033
牁,3034
牂,3035
片,3036
版,3037
牋,3038
牌,3039
牍,3040
牒,3041
牖,3042
牙,3043
牛,3044
牝,3045
牟,3046
牠,3047
牡,3048
牢,3049
牦,3050
牧,3051
物,3052
牯,3053
牲,3054
牴,3055
牵,3056
特,3057
牺,3058
牾,3059
犀,3060
犁,3061
犄,3062
犊,3063
犍,3064
犒,3065
犟,3066
犬,3067
犯,3068
犰,3069
状,3070
犷,3071
犹,3072
狁,3073
狂,3074
狃,3075
狄,3076
狈,3077
狎,3078
狐,3079
狒,3080
狗,3081
狙,3082
狠,3083
狡,3084
狩,3085
独,3086
狭,3087
狮,3088
狯,3089
狰,3090
狱,3091
狲,3092
狳,3093
狷,3094
狸,3095
狺,3096
狻,3097
狼,3098
猊,3099
猎,3100
猓,3101
猕,3102
猖,3103
猗,3104
猜,3105
猝,3106
猡,3107
猢,3108
猥,3109
猩,3110
猪,3111
猫,3112
猬,3113
献,3114
猴,3115
猷,3116
猾,3117
猿,3118
獃,3119
獐,3120
獒,3121
獗,3122
獠,3123
獬,3124
獭,3125
獾,3126
玁,3127
玄,3128
率,3129
玉,3130
王,3131
玎,3132
玑,3133
玔,3134
玕,3135
玖,3136
玛,3137
玟,3138
玡,3139
玢,3140
玦,3141
玩,3142
玫,3143
玮,3144
环,3145
现,3146
玲,3147
玳,3148
玷,3149
玺,3150
玻,3151
珀,3152
珂,3153
珊,3154
珍,3155
珏,3156
珐,3157
珑,3158
珙,3159
珞,3160
珠,3161
珥,3162
珩,3163
珪,3164
班,3165
珮,3166
珰,3167
珲,3168
球,3169
琅,3170
理,3171
琇,3172
琉,3173
琍,3174
琏,3175
琐,3176
琚,3177
琛,3178
琡,3179
琢,3180
琤,3181
琥,3182
琦,3183
琪,3184
琬,3185
琮,3186
琯,3187
琰,3188
琳,3189
琴,3190
琵,3191
琶,3192
琼,3193
瑁,3194
瑕,3195
瑗,3196
瑙,3197
瑚,3198
瑛,3199
瑜,3200
瑞,3201
瑟,3202
瑯,3203
瑰,3204
瑱,3205
瑶,3206
瑷,3207
瑾,3208
璀,3209
璁,3210
璃,3211
璇,3212
璋,3213
璐,3214
璘,3215
璚,3216
璜,3217
璞,3218
璠,3219
璧,3220
璨,3221
璩,3222
璸,3223
瓅,3224
瓜,3225
瓞,3226
瓠,3227
瓢,3228
瓣,3229
瓤,3230
瓦,3231
瓮,3232
瓯,3233
瓴,3234
瓶,3235
瓷,3236
瓿,3237
甄,3238
甑,3239
甓,3240
甘,3241
甚,3242
甜,3243
生,3244
甥,3245
甦,3246
用,3247
甩,3248
甫,3249
甬,3250
甭,3251
甯,3252
田,3253
由,3254
甲,3255
申,3256
电,3257
男,3258
甸,3259
町,3260
画,3261
甽,3262
甿,3263
畅,3264
畋,3265
界,3266
畎,3267
畏,3268
畔,3269
留,3270
畚,3271
畛,3272
畜,3273
略,3274
畦,3275
番,3276
畬,3277
畲,3278
畴,3279
畸,3280
畿,3281
疆,3282
疋,3283
疏,3284
疑,3285
疔,3286
疕,3287
疗,3288
疙,3289
疚,3290
疝,3291
疟,3292
疠,3293
疡,3294
疣,3295
疤,3296
疥,3297
疫,3298
疮,3299
疯,3300
疱,3301
疲,3302
疳,3303
疴,3304
疵,3305
疸,3306
疹,3307
疼,3308
疽,3309
疾,3310
痀,3311
痂,3312
病,3313
症,3314
痈,3315
痉,3316
痊,3317
痍,3318
痒,3319
痔,3320
痕,3321
痘,3322
痛,3323
痞,3324
痠,3325
痢,3326
痣,3327
痤,3328
痧,3329
痨,3330
痪,3331
痫,3332
痰,3333
痱,3334
痲,3335
痳,3336
痴,3337
痹,3338
痺,3339
痼,3340
痾,3341
痿,3342
瘀,3343
瘁,3344
瘉,3345
瘌,3346
瘗,3347
瘜,3348
瘝,3349
瘟,3350
瘠,3351
瘢,3352
瘤,3353
瘥,3354
瘦,3355
瘩,3356
瘪,3357
瘫,3358
瘳,3359
瘴,3360
瘸,3361
瘾,3362
癈,3363
癌,3364
癒,3365
癖,3366
癞,3367
癣,3368
癥,3369
癪,3370
癫,3371
癸,3372
登,3373
白,3374
百,3375
皁,3376
皂,3377
的,3378
皆,3379
皇,3380
皈,3381
皋,3382
皎,3383
皑,3384
皓,3385
皖,3386
皜,3387
皤,3388
皦,3389
皮,3390
皱,3391
皲,3392
皴,3393
皿,3394
盂,3395
盃,3396
盅,3397
盆,3398
盈,3399
益,3400
盍,3401
盎,3402
盏,3403
盐,3404
监,3405
盒,3406
盔,3407
盖,3408
盗,3409
盘,3410
盛,3411
盟,3412
盥,3413
盦,3414
盪,3415
目,3416
盯,3417
盱,3418
盲,3419
直,3420
相,3421
盹,3422
盼,3423
盾,3424
省,3425
眄,3426
眇,3427
眈,3428
眉,3429
看,3430
真,3431
眠,3432
眦,3433
眨,3434
眩,3435
眬,3436
眶,3437
眷,3438
眸,3439
眺,3440
眼,3441
眽,3442
着,3443
睁,3444
睇,3445
睏,3446
睐,3447
睑,3448
睚,3449
睛,3450
睡,3451
睢,3452
督,3453
睥,3454
睦,3455
睨,3456
睪,3457
睫,3458
睬,3459
睹,3460
睽,3461
睿,3462
瞄,3463
瞅,3464
瞇,3465
瞋,3466
瞌,3467
瞎,3468
瞑,3469
瞒,3470
瞟,3471
瞠,3472
瞢,3473
瞥,3474
瞧,3475
瞩,3476
瞪,3477
瞬,3478
瞭,3479
瞰,3480
瞳,3481
瞵,3482
瞶,3483
瞻,3484
瞽,3485
瞿,3486
矇,3487
矍,3488
矗,3489
矛,3490
矜,3491
矢,3492
矣,3493
知,3494
矧,3495
矩,3496
矫,3497
短,3498
矮,3499
矰,3500
矱,3501
石,3502
矶,3503
矻,3504
矾,3505
矿,3506
码,3507
砂,3508
砌,3509
砍,3510
砒,3511
研,3512
砖,3513
砚,3514
砝,3515
砥,3516
砦,3517
砧,3518
砭,3519
砰,3520
砲,3521
破,3522
砷,3523
砸,3524
砺,3525
砾,3526
础,3527
硃,3528
硅,3529
硕,3530
硝,3531
硫,3532
硬,3533
确,3534
硷,3535
硼,3536
碇,3537
碉,3538
碌,3539
碍,3540
碎,3541
碑,3542
碗,3543
碘,3544
碛,3545
碟,3546
碣,3547
碧,3548
碰,3549
碳,3550
碴,3551
碾,3552
磁,3553
磅,3554
磊,3555
磋,3556
磐,3557
磔,3558
磕,3559
磙,3560
磨,3561
磬,3562
磴,3563
磷,3564
磺,3565
磻,3566
礁,3567
礵,3568
示,3569
礼,3570
社,3571
祀,3572
祁,3573
祅,3574
祇,3575
祈,3576
祉,3577
祎,3578
祐,3579
祓,3580
祔,3581
祕,3582
祖,3583
祗,3584
祚,3585
祛,3586
祜,3587
祝,3588
神,3589
祟,3590
祠,3591
祥,3592
祧,3593
票,3594
祭,3595
祯,3596
祷,3597
祸,3598
祺,3599
禀,3600
禁,3601
禄,3602
禅,3603
禋,3604
福,3605
禧,3606
禳,3607
禹,3608
禺,3609
离,3610
禽,3611
禾,3612
秀,3613
私,3614
秃,3615
秆,3616
秉,3617
秋,3618
种,3619
科,3620
秒,3621
秘,3622
租,3623
秣,3624
秤,3625
秦,3626
秧,3627
秩,3628
积,3629
称,3630
移,3631
秽,3632
稀,3633
程,3634
稍,3635
税,3636
稔,3637
稗,3638
稚,3639
稜,3640
稞,3641
稠,3642
稣,3643
稳,3644
稷,3645
稻,3646
稼,3647
稽,3648
稿,3649
穆,3650
穑,3651
穗,3652
穫,3653
穰,3654
穴,3655
穷,3656
穸,3657
穹,3658
空,3659
穿,3660
窀,3661
突,3662
窃,3663
窄,3664
窆,3665
窈,3666
窍,3667
窑,3668
窒,3669
窕,3670
窖,3671
窗,3672
窘,3673
窜,3674
窝,3675
窟,3676
窠,3677
窣,3678
窥,3679
窦,3680
窸,3681
窿,3682
立,3683
竖,3684
站,3685
竞,3686
竟,3687
章,3688
竣,3689
童,3690
竦,3691
竫,3692
竭,3693
端,3694
竹,3695
竺,3696
竽,3697
竿,3698
笃,3699
笄,3700
笅,3701
笆,3702
笈,3703
笊,3704
笋,3705
笏,3706
笑,3707
笓,3708
笔,3709
笕,3710
笘,3711
笙,3712
笛,3713
笞,3714
笠,3715
笥,3716
符,3717
笨,3718
笫,3719
第,3720
笱,3721
笳,3722
笺,3723
笼,3724
笾,3725
等,3726
筊,3727
筋,3728
筌,3729
筏,3730
筐,3731
筑,3732
筒,3733
答,3734
策,3735
筚,3736
筛,3737
筝,3738
筠,3739
筮,3740
筱,3741
筵,3742
筷,3743
筹,3744
签,3745
简,3746
箇,3747
箍,3748
箓,3749
箔,3750
箕,3751
算,3752
箝,3753
管,3754
箧,3755
箩,3756
箫,3757
箬,3758
箭,3759
箱,3760
箴,3761
箸,3762
篁,3763
篆,3764
篇,3765
篓,3766
篙,3767
篚,3768
篛,3769
篡,3770
篦,3771
篮,3772
篱,3773
篷,3774
篾,3775
簇,3776
簋,3777
簑,3778
簟,3779
簠,3780
簧,3781
簪,3782
簸,3783
簿,3784
籀,3785
籁,3786
籍,3787
籐,3788
籤,3789
籥,3790
米,3791
籴,3792
类,3793
籽,3794
粄,3795
粉,3796
粑,3797
粒,3798
粕,3799
粗,3800
粘,3801
粝,3802
粟,3803
粢,3804
粤,3805
粥,3806
粧,3807
粪,3808
粮,3809
粱,3810
粲,3811
粳,3812
粹,3813
粼,3814
粽,3815
精,3816
粿,3817
糁,3818
糌,3819
糕,3820
糖,3821
糗,3822
糙,3823
糜,3824
糟,3825
糢,3826
糬,3827
糯,3828
糰,3829
系,3830
紊,3831
素,3832
索,3833
紧,3834
紫,3835
累,3836
絃,3837
絜,3838
絮,3839
絷,3840
絺,3841
綦,3842
綮,3843
綵,3844
緻,3845
縢,3846
繁,3847
繄,3848
繇,3849
繙,3850
繫,3851
纂,3852
纍,3853
纛,3854
纟,3855
纠,3856
纡,3857
红,3858
纣,3859
纤,3860
纥,3861
约,3862
级,3863
纨,3864
纪,3865
纫,3866
纬,3867
纭,3868
纮,3869
纯,3870
纰,3871
纱,3872
纲,3873
纳,3874
纵,3875
纶,3876
纷,3877
纸,3878
纹,3879
纺,3880
纻,3881
纽,3882
纾,3883
绀,3884
绁,3885
绂,3886
练,3887
组,3888
绅,3889
细,3890
织,3891
终,3892
绉,3893
绊,3894
绋,3895
绌,3896
绍,3897
绎,3898
经,3899
绒,3900
结,3901
绕,3902
绖,3903
绘,3904
给,3905
绚,3906
绛,3907
络,3908
绝,3909
绞,3910
统,3911
绢,3912
绣,3913
继,3914
绩,3915
绪,3916
绫,3917
续,3918
绮,3919
绯,3920
绰,3921
绳,3922
维,3923
绵,3924
绶,3925
绷,3926
绸,3927
绺,3928
绻,3929
综,3930
绽,3931
绾,3932
绿,3933
缀,3934
缁,3935
缄,3936
缅,3937
缆,3938
缇,3939
缈,3940
缉,3941
缍,3942
缎,3943
缐,3944
缓,3945
缔,3946
缕,3947
编,3948
缗,3949
缘,3950
缙,3951
缚,3952
缛,3953
缜,3954
缝,3955
缟,3956
缠,3957
缣,3958
缤,3959
缥,3960
缦,3961
缧,3962
缨,3963
缩,3964
缪,3965
缫,3966
缭,3967
缮,3968
缯,3969
缰,3970
缱,3971
缳,3972
缴,3973
缶,3974
缸,3975
缺,3976
罂,3977
罄,3978
罅,3979
罈,3980
罍,3981
罐,3982
网,3983
罔,3984
罕,3985
罗,3986
罚,3987
罟,3988
罡,3989
罣,3990
罩,3991
罪,3992
置,3993
署,3994
罴,3995
罹,3996
羁,3997
羊,3998
羌,3999
美,4000
羔,4001
羖,4002
羚,4003
羝,4004
羞,4005
羟,4006
羡,4007
群,4008
羯,4009
羲,4010
羶,4011
羸,4012
羼,4013
羽,4014
羿,4015
翁,4016
翅,4017
翊,4018
翌,4019
翎,4020
翔,4021
翕,4022
翘,4023
翚,4024
翟,4025
翠,4026
翡,4027
翥,4028
翦,4029
翩,4030
翫,4031
翮,4032
翰,4033
翱,4034
翳,4035
翻,4036
翼,4037
耀,4038
老,4039
考,4040
耄,4041
者,4042
耆,4043
耋,4044
而,4045
耍,4046
耐,4047
耑,4048
耒,4049
耔,4050
耕,4051
耗,4052
耘,4053
耙,4054
耜,4055
耦,4056
耨,4057
耰,4058
耳,4059
耶,4060
耸,4061
耻,4062
耽,4063
耿,4064
聂,4065
聃,4066
聆,4067
聊,4068
聋,4069
职,4070
聒,4071
联,4072
聚,4073
聩,4074
聪,4075
聱,4076
聿,4077
肃,4078
肄,4079
肆,4080
肉,4081
肋,4082
肌,4083
肖,4084
肘,4085
肚,4086
肛,4087
肝,4088
肠,4089
股,4090
肢,4091
肤,4092
肥,4093
肩,4094
肪,4095
肫,4096
肯,4097
肱,4098
育,4099
肴,4100
肺,4101
肾,4102
胁,4103
胆,4104
背,4105
胎,4106
胖,4107
胚,4108
胛,4109
胜,4110
胝,4111
胞,4112
胡,4113
胤,4114
胥,4115
胧,4116
胪,4117
胫,4118
胭,4119
胯,4120
胰,4121
胱,4122
胳,4123
胴,4124
胶,4125
胸,4126
胺,4127
胼,4128
能,4129
脂,4130
脆,4131
脉,4132
脍,4133
脏,4134
脐,4135
脑,4136
脓,4137
脔,4138
脖,4139
脚,4140
脣,4141
脤,4142
脩,4143
脯,4144
脱,4145
脸,4146
脾,4147
腄,4148
腆,4149
腊,4150
腋,4151
腌,4152
腐,4153
腑,4154
腓,4155
腔,4156
腕,4157
腥,4158
腩,4159
腭,4160
腮,4161
腰,4162
腱,4163
腴,4164
腹,4165
腺,4166
腻,4167
腼,4168
腾,4169
腿,4170
膀,4171
膂,4172
膈,4173
膊,4174
膏,4175
膑,4176
膛,4177
膜,4178
膝,4179
膨,4180
膳,4181
膺,4182
臀,4183
臂,4184
臃,4185
臆,4186
臊,4187
臣,4188
臧,4189
自,4190
臬,4191
臭,4192
至,4193
致,4194
臺,4195
臻,4196
臼,4197
臾,4198
舀,4199
舂,4200
舄,4201
舅,4202
舆,4203
舌,4204
舍,4205
舐,4206
舒,4207
舔,4208
舖,4209
舛,4210
舜,4211
舞,4212
舟,4213
舢,4214
航,4215
舫,4216
般,4217
舰,4218
舱,4219
舳,4220
舴,4221
舵,4222
舶,4223
舷,4224
舸,4225
船,4226
舺,4227
舻,4228
艇,4229
艋,4230
艘,4231
艮,4232
良,4233
艰,4234
色,4235
艳,4236
艷,4237
艺,4238
艾,4239
节,4240
芃,4241
芊,4242
芋,4243
芍,4244
芎,4245
芒,4246
芙,4247
芜,4248
芝,4249
芟,4250
芡,4251
芥,4252
芦,4253
芫,4254
芬,4255
芭,4256
芮,4257
芯,4258
花,4259
芳,4260
芷,4261
芸,4262
芹,4263
芽,4264
芾,4265
苇,4266
苋,4267
苌,4268
苍,4269
苎,4270
苏,4271
苑,4272
苒,4273
苓,4274
苔,4275
苕,4276
苗,4277
苛,4278
苜,4279
苞,4280
苟,4281
苡,4282
苣,4283
若,4284
苦,4285
苫,4286
苯,4287
英,4288
苴,4289
苹,4290
苻,4291
苾,4292
茀,4293
茁,4294
茂,4295
范,4296
茄,4297
茅,4298
茉,4299
茎,4300
茔,4301
茕,4302
茗,4303
茜,4304
茧,4305
茨,4306
茫,4307
茭,4308
茯,4309
茱,4310
茴,4311
茵,4312
茶,4313
茸,4314
茹,4315
茼,4316
荀,4317
荃,4318
荆,4319
草,4320
荏,4321
荐,4322
荑,4323
荒,4324
荔,4325
荚,4326
荜,4327
荟,4328
荠,4329
荡,4330
荣,4331
荤,4332
荥,4333
荦,4334
荧,4335
荪,4336
荫,4337
药,4338
荳,4339
荷,4340
荸,4341
荻,4342
荼,4343
莅,4344
莉,4345
莎,4346
莒,4347
莓,4348
莘,4349
莜,4350
莞,4351
莠,4352
莪,4353
莫,4354
莱,4355
莲,4356
莳,4357
莴,4358
获,4359
莹,4360
莺,4361
莼,4362
莽,4363
菀,4364
菁,4365
菅,4366
菇,4367
菊,4368
菌,4369
菑,4370
菔,4371
菖,4372
菜,4373
菟,4374
菠,4375
菡,4376
菩,4377
菰,4378
菱,4379
菲,4380
菴,4381
菸,4382
菽,4383
萁,4384
萃,4385
萄,4386
萋,4387
萌,4388
萍,4389
萎,4390
萏,4391
萝,4392
萣,4393
萤,4394
营,4395
萦,4396
萧,4397
萨,4398
萩,4399
萱,4400
萸,4401
萼,4402
落,4403
葆,4404
葛,4405
葡,4406
董,4407
葩,4408
葫,4409
葬,4410
葭,4411
葯,4412
葱,4413
葳,4414
葵,4415
葸,4416
葺,4417
蒂,4418
蒋,4419
蒌,4420
蒐,4421
蒙,4422
蒜,4423
蒟,4424
蒯,4425
蒲,4426
蒸,4427
蒹,4428
蒺,4429
蒻,4430
蒿,4431
蓁,4432
蓄,4433
蓆,4434
蓉,4435
蓊,4436
蓍,4437
蓑,4438
蓓,4439
蓖,4440
蓝,4441
蓦,4442
蓬,4443
蓼,4444
蓿,4445
蔑,4446
蔓,4447
蔔,4448
蔗,4449
蔚,4450
蔟,4451
蔡,4452
蔬,4453
蔷,4454
蔺,4455
蔻,4456
蔼,4457
蔽,4458
蕃,4459
蕇,4460
蕈,4461
蕉,4462
蕊,4463
蕙,4464
蕞,4465
蕤,4466
蕨,4467
蕴,4468
蕺,4469
蕾,4470
薄,4471
薇,4472
薏,4473
薙,4474
薛,4475
薜,4476
薤,4477
薨,4478
薪,4479
薮,4480
薯,4481
薰,4482
藁,4483
藉,4484
藏,4485
藐,4486
藓,4487
藕,4488
藜,4489
藤,4490
藩,4491
藷,4492
藻,4493
蘅,4494
蘑,4495
蘗,4496
蘧,4497
蘸,4498
虀,4499
虎,4500
虏,4501
虐,4502
虑,4503
虔,4504
虚,4505
虞,4506
虢,4507
虫,4508
虬,4509
虱,4510
虹,4511
虺,4512
虻,4513
虽,4514
虾,4515
虿,4516
蚀,4517
蚁,4518
蚂,4519
蚇,4520
蚊,4521
蚋,4522
蚌,4523
蚍,4524
蚓,4525
蚕,4526
蚜,4527
蚝,4528
蚣,4529
蚤,4530
蚩,4531
蚪,4532
蚯,4533
蚰,4534
蚱,4535
蚵,4536
蚶,4537
蛀,4538
蛄,4539
蛆,4540
蛇,4541
蛉,4542
蛊,4543
蛋,4544
蛎,4545
蛐,4546
蛔,4547
蛙,4548
蛛,4549
蛞,4550
蛟,4551
蛤,4552
蛩,4553
蛭,4554
蛮,4555
蛰,4556
蛲,4557
蛳,4558
蛹,4559
蛾,4560
蜀,4561
蜂,4562
蜃,4563
蜇,4564
蜈,4565
蜉,4566
蜊,4567
蜍,4568
蜑,4569
蜒,4570
蜓,4571
蜕,4572
蜗,4573
蜘,4574
蜚,4575
蜜,4576
蜡,4577
蜢,4578
蜥,4579
蜩,4580
蜴,4581
蜷,4582
蜻,4583
蜿,4584
蝇,4585
蝈,4586
蝉,4587
蝌,4588
蝎,4589
蝗,4590
蝙,4591
蝠,4592
蝣,4593
蝤,4594
蝨,4595
蝴,4596
蝶,4597
蝼,4598
蝾,4599
螂,4600
螃,4601
螅,4602
螈,4603
融,4604
螟,4605
螫,4606
螳,4607
螵,4608
螺,4609
螽,4610
蟀,4611
蟆,4612
蟊,4613
蟋,4614
蟑,4615
蟒,4616
蟠,4617
蟳,4618
蟴,4619
蟹,4620
蟾,4621
蠕,4622
蠖,4623
蠡,4624
蠢,4625
蠲,4626
蠹,4627
血,4628
衅,4629
衊,4630
行,4631
衍,4632
衒,4633
衔,4634
衕,4635
衖,4636
街,4637
衙,4638
衚,4639
衡,4640
衢,4641
衣,4642
补,4643
表,4644
衫,4645
衬,4646
衮,4647
衰,4648
衲,4649
衷,4650
衽,4651
衾,4652
衿,4653
袁,4654
袂,4655
袄,4656
袅,4657
袆,4658
袈,4659
袋,4660
袍,4661
袒,4662
袖,4663
袜,4664
袪,4665
被,4666
袭,4667
袱,4668
裁,4669
裂,4670
装,4671
裆,4672
裊,4673
裎,4674
裔,4675
裕,4676
裘,4677
裙,4678
裟,4679
裤,4680
裨,4681
裱,4682
裳,4683
裴,4684
裸,4685
裾,4686
褂,4687
褊,4688
褐,4689
褒,4690
褓,4691
褙,4692
褚,4693
褛,4694
褡,4695
褥,4696
褪,4697
褫,4698
褰,4699
褴,4700
褶,4701
褼,4702
襁,4703
襄,4704
襟,4705
襬,4706
西,4707
要,4708
覃,4709
覆,4710
覈,4711
见,4712
观,4713
规,4714
觅,4715
视,4716
览,4717
觉,4718
觊,4719
觎,4720
觏,4721
觐,4722
觑,4723
角,4724
觚,4725
觞,4726
解,4727
觥,4728
触,4729
觫,4730
觭,4731
觳,4732
言,4733
託,4734
訢,4735
註,4736
証,4737
訾,4738
詹,4739
誉,4740
誊,4741
誓,4742
謇,4743
謚,4744
謦,4745
譁,4746
譟,4747
警,4748
譬,4749
计,4750
订,4751
讣,4752
认,4753
讥,4754
讦,4755
讧,4756
讨,4757
让,4758
讪,4759
讫,4760
训,4761
议,4762
讯,4763
记,4764
讲,4765
讳,4766
讴,4767
讵,4768
讶,4769
讷,4770
许,4771
讹,4772
论,4773
讼,4774
讽,4775
设,4776
访,4777
诀,4778
证,4779
诂,4780
诃,4781
评,4782
诅,4783
识,4784
诈,4785
诉,4786
诊,4787
诋,4788
诌,4789
词,4790
诏,4791
诐,4792
译,4793
诓,4794
诔,4795
试,4796
诗,4797
诘,4798
诙,4799
诚,4800
诛,4801
话,4802
诞,4803
诟,4804
诠,4805
诡,4806
询,4807
诣,4808
诤,4809
该,4810
详,4811
诧,4812
诨,4813
诩,4814
诫,4815
诬,4816
语,4817
诮,4818
误,4819
诰,4820
诱,4821
诲,4822
诳,4823
说,4824
诵,4825
请,4826
诸,4827
诹,4828
诺,4829
读,4830
诽,4831
课,4832
诿,4833
谀,4834
谁,4835
调,4836
谄,4837
谅,4838
谆,4839
谈,4840
谊,4841
谋,4842
谌,4843
谍,4844
谎,4845
谏,4846
谐,4847
谑,4848
谒,4849
谓,4850
谖,4851
谗,4852
谙,4853
谚,4854
谛,4855
谜,4856
谟,4857
谠,4858
谢,4859
谣,4860
谤,4861
谥,4862
谦,4863
谧,4864
谨,4865
谩,4866
谪,4867
谬,4868
谭,4869
谮,4870
谱,4871
谲,4872
谳,4873
谶,4874
谷,4875
谿,4876
豁,4877
豆,4878
豇,4879
豉,4880
豌,4881
豚,4882
象,4883
豢,4884
豪,4885
豫,4886
豳,4887
豸,4888
豹,4889
豺,4890
貂,4891
貅,4892
貉,4893
貊,4894
貌,4895
貍,4896
貔,4897
貘,4898
贊,4899
贝,4900
贞,4901
负,4902
贡,4903
财,4904
责,4905
贤,4906
败,4907
货,4908
质,4909
贩,4910
贪,4911
贫,4912
贬,4913
购,4914
贮,4915
贯,4916
贰,4917
贱,4918
贲,4919
贴,4920
贵,4921
贶,4922
贷,4923
贸,4924
费,4925
贺,4926
贻,4927
贼,4928
贾,4929
贿,4930
赀,4931
赁,4932
赂,4933
赃,4934
资,4935
赅,4936
赈,4937
赉,4938
赊,4939
赋,4940
赌,4941
赍,4942
赎,4943
赏,4944
赐,4945
赓,4946
赔,4947
赖,4948
赘,4949
赙,4950
赚,4951
赛,4952
赜,4953
赝,4954
赞,4955
赠,4956
赡,4957
赢,4958
赣,4959
赤,4960
赦,4961
赧,4962
赫,4963
赭,4964
走,4965
赳,4966
赴,4967
赵,4968
赶,4969
起,4970
趁,4971
超,4972
越,4973
趋,4974
趟,4975
趣,4976
趯,4977
足,4978
趴,4979
趸,4980
趺,4981
趾,4982
趿,4983
跂,4984
跃,4985
跄,4986
跆,4987
跋,4988
跌,4989
跎,4990
跑,4991
跖,4992
跚,4993
跛,4994
距,4995
跟,4996
跣,4997
跤,4998
跨,4999
跩,5000
跪,5001
跫,5002
跬,5003
路,5004
跳,5005
践,5006
跶,5007
跷,5008
跸,5009
跺,5010
跻,5011
跼,5012
跽,5013
踅,5014
踉,5015
踊,5016
踌,5017
踏,5018
踝,5019
踞,5020
踟,5021
踡,5022
踢,5023
踣,5024
踧,5025
踩,5026
踪,5027
踫,5028
踬,5029
踮,5030
踯,5031
踰,5032
踱,5033
踵,5034
踹,5035
踽,5036
蹀,5037
蹂,5038
蹄,5039
蹇,5040
蹈,5041
蹉,5042
蹊,5043
蹋,5044
蹑,5045
蹒,5046
蹓,5047
蹙,5048
蹟,5049
蹦,5050
蹧,5051
蹩,5052
蹬,5053
蹭,5054
蹰,5055
蹲,5056
蹴,5057
蹶,5058
蹻,5059
蹼,5060
蹿,5061
躁,5062
躅,5063
躇,5064
躏,5065
躐,5066
身,5067
躬,5068
躯,5069
躲,5070
躺,5071
軏,5072
輓,5073
輗,5074
輶,5075
轗,5076
车,5077
轧,5078
轨,5079
轩,5080
轫,5081
转,5082
轭,5083
轮,5084
软,5085
轰,5086
轲,5087
轳,5088
轴,5089
轶,5090
轸,5091
轻,5092
轼,5093
载,5094
轾,5095
轿,5096
辂,5097
较,5098
辅,5099
辆,5100
辇,5101
辈,5102
辉,5103
辍,5104
辎,5105
辏,5106
辐,5107
辑,5108
输,5109
辔,5110
辕,5111
辖,5112
辗,5113
辘,5114
辙,5115
辚,5116
辛,5117
辜,5118
辞,5119
辟,5120
辣,5121
辨,5122
辩,5123
辫,5124
辰,5125
辱,5126
边,5127
辽,5128
达,5129
迁,5130
迂,5131
迅,5132
迆,5133
过,5134
迈,5135
迍,5136
迎,5137
运,5138
近,5139
迓,5140
返,5141
迕,5142
还,5143
这,5144
进,5145
远,5146
违,5147
连,5148
迟,5149
迢,5150
迤,5151
迥,5152
迦,5153
迨,5154
迩,5155
迪,5156
迫,5157
迭,5158
述,5159
迳,5160
迴,5161
迷,5162
迸,5163
迹,5164
迺,5165
追,5166
退,5167
送,5168
适,5169
逃,5170
逅,5171
逆,5172
选,5173
逊,5174
逋,5175
逍,5176
透,5177
逐,5178
逑,5179
递,5180
途,5181
逗,5182
通,5183
逛,5184
逝,5185
逞,5186
速,5187
造,5188
逡,5189
逢,5190
逦,5191
逭,5192
逮,5193
週,5194
逵,5195
逶,5196
逸,5197
逻,5198
逼,5199
逾,5200
遁,5201
遂,5202
遇,5203
遍,5204
遏,5205
遐,5206
遑,5207
遒,5208
道,5209
遗,5210
遘,5211
遛,5212
遢,5213
遣,5214
遥,5215
遨,5216
遭,5217
遮,5218
遯,5219
遵,5220
遽,5221
避,5222
邀,5223
邂,5224
邃,5225
邅,5226
邈,5227
邋,5228
邑,5229
邓,5230
邕,5231
邗,5232
邙,5233
邝,5234
邠,5235
邢,5236
那,5237
邦,5238
邪,5239
邮,5240
邯,5241
邰,5242
邱,5243
邲,5244
邳,5245
邵,5246
邶,5247
邸,5248
邹,5249
邺,5250
邻,5251
郁,5252
郊,5253
郎,5254
郑,5255
郓,5256
郝,5257
郡,5258
郢,5259
郦,5260
部,5261
郭,5262
郯,5263
郸,5264
都,5265
郾,5266
鄂,5267
鄙,5268
鄞,5269
鄣,5270
鄯,5271
鄱,5272
鄹,5273
酆,5274
酉,5275
酊,5276
酋,5277
酌,5278
配,5279
酐,5280
酒,5281
酖,5282
酗,5283
酝,5284
酡,5285
酢,5286
酣,5287
酤,5288
酥,5289
酦,5290
酩,5291
酪,5292
酬,5293
酮,5294
酯,5295
酱,5296
酵,5297
酷,5298
酸,5299
酹,5300
酽,5301
酾,5302
酿,5303
醅,5304
醇,5305
醉,5306
醊,5307
醋,5308
醍,5309
醐,5310
醒,5311
醚,5312
醛,5313
醢,5314
醣,5315
醨,5316
醮,5317
醯,5318
醴,5319
醺,5320
采,5321
釉,5322
释,5323
里,5324
重,5325
野,5326
量,5327
釐,5328
金,5329
釦,5330
釸,5331
鈇,5332
鉅,5333
鉋,5334
鉧,5335
鉴,5336
銮,5337
銲,5338
錶,5339
錾,5340
鍊,5341
鍼,5342
鎗,5343
鎚,5344
鎩,5345
鏄,5346
鏖,5347
鏝,5348
鏦,5349
鑑,5350
鑫,5351
针,5352
钉,5353
钊,5354
钏,5355
钓,5356
钗,5357
钙,5358
钛,5359
钝,5360
钞,5361
钟,5362
钠,5363
钡,5364
钢,5365
钤,5366
钥,5367
钦,5368
钧,5369
钩,5370
钮,5371
钱,5372
钲,5373
钳,5374
钴,5375
钵,5376
钸,5377
钹,5378
钺,5379
钻,5380
钾,5381
铀,5382
铁,5383
铂,5384
铃,5385
铄,5386
铅,5387
铎,5388
铐,5389
铗,5390
铙,5391
铛,5392
铝,5393
铠,5394
铡,5395
铢,5396
铣,5397
铤,5398
铨,5399
铬,5400
铭,5401
铮,5402
铰,5403
铲,5404
铳,5405
银,5406
铸,5407
铺,5408
链,5409
铿,5410
销,5411
锁,5412
锂,5413
锄,5414
锅,5415
锈,5416
锉,5417
锋,5418
锌,5419
锐,5420
锑,5421
锒,5422
锔,5423
锗,5424
错,5425
锚,5426
锡,5427
锢,5428
锣,5429
锤,5430
锥,5431
锦,5432
锭,5433
键,5434
锯,5435
锰,5436
锱,5437
锲,5438
锵,5439
锷,5440
锹,5441
锺,5442
锻,5443
锾,5444
镀,5445
镁,5446
镂,5447
镇,5448
镉,5449
镊,5450
镌,5451
镍,5452
镐,5453
镑,5454
镒,5455
镕,5456
镖,5457
镗,5458
镙,5459
镜,5460
镝,5461
镣,5462
镫,5463
镬,5464
镯,5465
镰,5466
镳,5467
镶,5468
长,5469
閤,5470
闆,5471
闇,5472
闢,5473
门,5474
闩,5475
闪,5476
闭,5477
问,5478
闯,5479
闰,5480
闲,5481
闳,5482
间,5483
闵,5484
闷,5485
闸,5486
闹,5487
闺,5488
闻,5489
闽,5490
闾,5491
闿,5492
阀,5493
阁,5494
阂,5495
阄,5496
阅,5497
阉,5498
阊,5499
阋,5500
阍,5501
阎,5502
阏,5503
阐,5504
阑,5505
阔,5506
阕,5507
阖,5508
阗,5509
阙,5510
阚,5511
阜,5512
队,5513
阡,5514
阢,5515
阨,5516
阮,5517
阯,5518
阱,5519
防,5520
阳,5521
阴,5522
阵,5523
阶,5524
阻,5525
阼,5526
阿,5527
陀,5528
陂,5529
附,5530
际,5531
陆,5532
陇,5533
陈,5534
陉,5535
陋,5536
陌,5537
降,5538
限,5539
陔,5540
陕,5541
陛,5542
陞,5543
陟,5544
陡,5545
院,5546
除,5547
陧,5548
陨,5549
险,5550
陪,5551
陬,5552
陲,5553
陴,5554
陵,5555
陶,5556
陷,5557
隄,5558
隅,5559
隆,5560
隈,5561
隋,5562
隍,5563
随,5564
隐,5565
隔,5566
隗,5567
隘,5568
障,5569
隧,5570
隰,5571
隳,5572
隶,5573
隹,5574
隼,5575
隽,5576
雀,5577
雁,5578
雄,5579
雅,5580
集,5581
雇,5582
雉,5583
雌,5584
雍,5585
雏,5586
雒,5587
雕,5588
雝,5589
雠,5590
雨,5591
雩,5592
雪,5593
雯,5594
雰,5595
雱,5596
雳,5597
零,5598
雷,5599
雹,5600
雾,5601
需,5602
霁,5603
霄,5604
霆,5605
震,5606
霈,5607
霉,5608
霍,5609
霎,5610
霏,5611
霑,5612
霓,5613
霖,5614
霜,5615
霞,5616
霪,5617
霭,5618
霰,5619
露,5620
霸,5621
霹,5622
霾,5623
青,5624
靖,5625
静,5626
靛,5627
非,5628
靠,5629
靡,5630
面,5631
靥,5632
革,5633
靳,5634
靴,5635
靶,5636
靼,5637
鞅,5638
鞋,5639
鞍,5640
鞑,5641
鞘,5642
鞠,5643
鞣,5644
鞦,5645
鞯,5646
鞶,5647
韆,5648
韦,5649
韧,5650
韩,5651
韫,5652
韬,5653
音,5654
韵,5655
韶,5656
頖,5657
顜,5658
页,5659
顶,5660
顷,5661
顸,5662
项,5663
顺,5664
须,5665
顼,5666
顽,5667
顾,5668
顿,5669
颀,5670
颁,5671
颂,5672
颃,5673
预,5674
颅,5675
领,5676
颇,5677
颈,5678
颉,5679
颊,5680
颌,5681
颍,5682
颏,5683
颐,5684
频,5685
颓,5686
颖,5687
颗,5688
题,5689
颙,5690
颚,5691
颛,5692
颜,5693
额,5694
颞,5695
颠,5696
颡,5697
颢,5698
颤,5699
颦,5700
颧,5701
颱,5702
颳,5703
风,5704
飏,5705
飒,5706
飓,5707
飕,5708
飖,5709
飘,5710
飚,5711
飞,5712
食,5713
飢,5714
飧,5715
飨,5716
餈,5717
餍,5718
餐,5719
餔,5720
餚,5721
餬,5722
餮,5723
餵,5724
餽,5725
饔,5726
饘,5727
饤,5728
饥,5729
饨,5730
饩,5731
饪,5732
饫,5733
饬,5734
饭,5735
饮,5736
饯,5737
饰,5738
饱,5739
饲,5740
饴,5741
饵,5742
饶,5743
饷,5744
饺,5745
饼,5746
饽,5747
饾,5748
饿,5749
馀,5750
馁,5751
馄,5752
馅,5753
馆,5754
馈,5755
馊,5756
馋,5757
馍,5758
馏,5759
馐,5760
馑,5761
馒,5762
馔,5763
首,5764
馗,5765
馘,5766
香,5767
馥,5768
馨,5769
騃,5770
马,5771
驭,5772
驮,5773
驯,5774
驰,5775
驱,5776
驳,5777
驴,5778
驶,5779
驷,5780
驸,5781
驹,5782
驻,5783
驼,5784
驽,5785
驾,5786
驿,5787
骀,5788
骁,5789
骂,5790
骄,5791
骅,5792
骆,5793
骇,5794
骈,5795
骊,5796
骋,5797
验,5798
骎,5799
骏,5800
骐,5801
骑,5802
骖,5803
骗,5804
骘,5805
骚,5806
骛,5807
骜,5808
骝,5809
骞,5810
骠,5811
骡,5812
骤,5813
骥,5814
骧,5815
骨,5816
骯,5817
骰,5818
骷,5819
骸,5820
骼,5821
髀,5822
髅,5823
髓,5824
高,5825
髦,5826
髫,5827
髭,5828
髮,5829
髯,5830
髻,5831
鬃,5832
鬍,5833
鬓,5834
鬚,5835
鬟,5836
鬣,5837
鬲,5838
鬻,5839
鬼,5840
魁,5841
魂,5842
魃,5843
魄,5844
魅,5845
魇,5846
魈,5847
魉,5848
魍,5849
魏,5850
魑,5851
魔,5852
魟,5853
鯈,5854
鰆,5855
鰲,5856
鱆,5857
鱼,5858
鱿,5859
鲀,5860
鲁,5861
鲂,5862
鲈,5863
鲋,5864
鲍,5865
鲎,5866
鲑,5867
鲛,5868
鲜,5869
鲟,5870
鲢,5871
鲣,5872
鲭,5873
鲮,5874
鲰,5875
鲲,5876
鲳,5877
鲵,5878
鲶,5879
鲷,5880
鲸,5881
鲻,5882
鲽,5883
鳃,5884
鳄,5885
鳅,5886
鳌,5887
鳍,5888
鳏,5889
鳐,5890
鳔,5891
鳕,5892
鳖,5893
鳗,5894
鳜,5895
鳝,5896
鳞,5897
鳟,5898
鴃,5899
鵩,5900
鵰,5901
鷈,5902
鷴,5903
鷿,5904
鸟,5905
鸠,5906
鸡,5907
鸢,5908
鸣,5909
鸥,5910
鸦,5911
鸨,5912
鸩,5913
鸪,5914
鸬,5915
鸭,5916
鸮,5917
鸯,5918
鸰,5919
鸱,5920
鸳,5921
鸵,5922
鸶,5923
鸷,5924
鸸,5925
鸽,5926
鸾,5927
鸿,5928
鹁,5929
鹂,5930
鹃,5931
鹄,5932
鹅,5933
鹈,5934
鹉,5935
鹊,5936
鹌,5937
鹍,5938
鹎,5939
鹏,5940
鹑,5941
鹕,5942
鹚,5943
鹜,5944
鹞,5945
鹡,5946
鹣,5947
鹤,5948
鹦,5949
鹧,5950
鹫,5951
鹬,5952
鹭,5953
鹰,5954
鹳,5955
鹿,5956
麂,5957
麈,5958
麋,5959
麑,5960
麒,5961
麓,5962
麝,5963
麟,5964
麦,5965
麴,5966
麸,5967
麻,5968
麾,5969
黄,5970
黉,5971
黍,5972
黎,5973
黏,5974
黑,5975
黔,5976
默,5977
黛,5978
黜,5979
黝,5980
黠,5981
黥,5982
黧,5983
黩,5984
黯,5985
黻,5986
黼,5987
黾,5988
鼎,5989
鼐,5990
鼓,5991
鼕,5992
鼙,5993
鼠,5994
鼩,5995
鼬,5996
鼯,5997
鼱,5998
鼷,5999
鼹,6000
鼻,6001
鼾,6002
齐,6003
齑,6004
齣,6005
齿,6006
龀,6007
龃,6008
龄,6009
龇,6010
龈,6011
龉,6012
龊,6013
龋,6014
龌,6015
龙,6016
龚,6017
龛,6018
龟,6019
龠,6020
龢,6021
乇,6022
乐,6023
会,6024
佌,6025
佥,6026
侚,6027
侣,6028
倔,6029
傍,6030
傚,6031
僰,6032
儗,6033
兇,6034
军,6035
劫,6036
升,6037
卲,6038
卺,6039
口,6040
古,6041
吤,6042
吾,6043
咂,6044
喦,6045
圾,6046
坁,6047
垆,6048
埏,6049
塾,6050
壁,6051
奏,6052
她,6053
妫,6054
姱,6055
媢,6056
孺,6057
完,6058
岨,6059
峞,6060
巿,6061
帏,6062
帚,6063
廛,6064
弔,6065
怐,6066
恒,6067
惇,6068
惓,6069
愬,6070
慄,6071
憍,6072
憺,6073
懘,6074
懽,6075
扆,6076
扛,6077
扣,6078
抨,6079
抵,6080
括,6081
拾,6082
拿,6083
挍,6084
捕,6085
摙,6086
撄,6087
擿,6088
旰,6089
曀,6090
曷,6091
朕,6092
枚,6093
枳,6094
柢,6095
桨,6096
桷,6097
梆,6098
梠,6099
棒,6100
棳,6101
椑,6102
榱,6103
橧,6104
檯,6105
毅,6106
汜,6107
没,6108
沬,6109
洨,6110
测,6111
浡,6112
涘,6113
涾,6114
淟,6115
渌,6116
渟,6117
滟,6118
滤,6119
漱,6120
潟,6121
焜,6122
煦,6123
燄,6124
爵,6125
爸,6126
爹,6127
牶,6128
狞,6129
琊,6130
琨,6131
瑀,6132
璆,6133
璎,6134
甍,6135
畹,6136
皙,6137
礡,6138
秖,6139
究,6140
窳,6141
箠,6142
箪,6143
篑,6144
粜,6145
糠,6146
絪,6147
綑,6148
縯,6149
縻,6150
纔,6151
绑,6152
绡,6153
绥,6154
缊,6155
缵,6156
罢,6157
羑,6158
聘,6159
肇,6160
肓,6161
肿,6162
胀,6163
胃,6164
膞,6165
舨,6166
芰,6167
蓟,6168
蓠,6169
蘩,6170
螭,6171
蟞,6172
裏,6173
裹,6174
襦,6175
觌,6176
諠,6177
谕,6178
谯,6179
谴,6180
豕,6181
賸,6182
账,6183
贽,6184
蹔,6185
辄,6186
迄,6187
逄,6188
逖,6189
邬,6190
郅,6191
郼,6192
鄘,6193
釜,6194
鍜,6195
鏇,6196
鑕,6197
钨,6198
铉,6199
铜,6200
镞,6201
镭,6202
闱,6203
阃,6204
阒,6205
阬,6206
隙,6207
难,6208
靓,6209
鞫,6210
鞭,6211
韪,6212
韰,6213
頫,6214
颟,6215
餗,6216
饕,6217
髣,6218
鲔,6219
鲠,6220
鲤,6221
鲧,6222
鲨,6223
鲫,6224
鶦,6225
鸫,6226
鹗,6227
齌,6228
ㄚ,6229
仝,6230
佶,6231
俥,6232
刄,6233
刦,6234
刹,6235
剟,6236
勅,6237
勑,6238
勲,6239
匋,6240
厖,6241
咲,6242
噪,6243
嚬,6244
堃,6245
墻,6246
壻,6247
姹,6248
廻,6249
彣,6250
徂,6251
徧,6252
怋,6253
捱,6254
摏,6255
擡,6256
棃,6257
欝,6258
殁,6259
殱,6260
汔,6261
沘,6262
煊,6263
煴,6264
牀,6265
犇,6266
犾,6267
甎,6268
甞,6269
疎,6270
瘐,6271
礮,6272
礴,6273
秾,6274
稧,6275
窰,6276
竉,6277
竚,6278
筯,6279
箚,6280
綉,6281
縳,6282
縴,6283
繮,6284
缡,6285
缢,6286
羗,6287
羮,6288
胠,6289
脗,6290
膓,6291
膣,6292
舃,6293
芘,6294
菓,6295
葚,6296
袴,6297
覩,6298
覻,6299
誔,6300
謢,6301
讌,6302
贋,6303
跥,6304
輙,6305
輭,6306
遴,6307
邨,6308
釆,6309
鉢,6310
銹,6311
鏣,6312
钿,6313
锏,6314
閰,6315
闗,6316
陏,6317
雎,6318
韭,6319
頼,6320
鬪,6321
鬯,6322
鯺,6323
鳾,6324
鵾,6325
鷄,6326
鸻,6327
黙,6328
黹,6329
鼌,6330
墼,6331
捥,6332
淍,6333
烔,6334
烗,6335
犘,6336
瞉,6337
胕,6338
侔,6339
盻,6340
羹,6341
胄,6342
苖,6343
鹓,6344
冏,6345
堙,6346
夌,6347
婜,6348
崦,6349
悕,6350
愍,6351
揟,6352
搨,6353
摠,6354
旃,6355
晻,6356
楛,6357
濆,6358
燽,6359
琱,6360
睠,6361
碱,6362
窅,6363
筥,6364
紲,6365
胙,6366
蒨,6367
製,6368
褎,6369
襜,6370
跱,6371
遝,6372
遶,6373
郇,6374
鐍,6375
隤,6376
駮,6377
齍,6378
並,6379
佺,6380
侁,6381
侅,6382
侲,6383
俔,6384
倬,6385
傎,6386
傩,6387
僎,6388
僔,6389
僣,6390
刲,6391
勍,6392
呗,6393
垞,6394
垸,6395
埧,6396
埴,6397
堄,6398
塼,6399
姞,6400
娀,6401
娅,6402
媐,6403
媪,6404
媻,6405
媿,6406
嬃,6407
嬾,6408
屺,6409
岘,6410
岣,6411
峣,6412
峤,6413
崚,6414
嶒,6415
廔,6416
廧,6417
彄,6418
徦,6419
忞,6420
忻,6421
怛,6422
怳,6423
恽,6424
悫,6425
惄,6426
惷,6427
捽,6428
掞,6429
揅,6430
揜,6431
搦,6432
晅,6433
曶,6434
柤,6435
椓,6436
楗,6437
楙,6438
楸,6439
樯,6440
橚,6441
櫜,6442
歜,6443
汭,6444
沇,6445
沨,6446
泆,6447
泐,6448
洊,6449
浯,6450
涬,6451
湑,6452
湜,6453
炤,6454
煸,6455
熅,6456
燿,6457
爂,6458
牓,6459
狝,6460
玭,6461
珇,6462
珶,6463
珽,6464
琌,6465
璱,6466
瓘,6467
瓽,6468
甗,6469
畇,6470
禔,6471
禖,6472
窊,6473
箊,6474
簃,6475
綷,6476
緟,6477
缋,6478
缾,6479
耇,6480
舡,6481
舲,6482
艹,6483
荄,6484
萻,6485
蕲,6486
虙,6487
蚙,6488
螯,6489
蠁,6490
褭,6491
褾,6492
襞,6493
詺,6494
諆,6495
譔,6496
诒,6497
跗,6498
迼,6499
郗,6500
郛,6501
郴,6502
鄐,6503
鄜,6504
鄠,6505
鈜,6506
鉏,6507
銧,6508
鋉,6509
鑪,6510
铚,6511
镈,6512
镛,6513
镮,6514
閟,6515
闼,6516
阆,6517
阇,6518
鞞,6519
韨,6520
颿,6521
骃,6522
鶢,6523
偪,6524
偾,6525
僇,6526
僶,6527
剞,6528
剸,6529
劂,6530
劗,6531
匊,6532
匜,6533
呫,6534
呾,6535
哙,6536
唈,6537
唶,6538
嗌,6539
嚙,6540
埒,6541
堀,6542
堞,6543
塓,6544
墁,6545
墐,6546
墠,6547
壝,6548
娆,6549
媮,6550
媱,6551
媺,6552
嫫,6553
嫭,6554
寘,6555
屼,6556
岝,6557
峿,6558
崨,6559
帻,6560
庀,6561
廥,6562
徯,6563
忉,6564
怿,6565
惝,6566
惵,6567
惸,6568
懥,6569
抳,6570
挢,6571
捃,6572
搒,6573
斁,6574
斨,6575
斸,6576
昵,6577
晲,6578
晹,6579
暾,6580
曈,6581
曭,6582
枹,6583
枻,6584
柈,6585
栵,6586
桄,6587
桡,6588
桯,6589
棫,6590
棰,6591
椠,6592
楯,6593
榑,6594
榼,6595
樗,6596
橑,6597
橝,6598
毖,6599
毳,6600
汋,6601
汙,6602
泝,6603
泺,6604
浠,6605
浼,6606
涴,6607
淈,6608
淛,6609
湢,6610
湫,6611
漭,6612
潞,6613
潧,6614
澨,6615
濞,6616
濩,6617
瀌,6618
灂,6619
灑,6620
燀,6621
牷,6622
琭,6623
瑳,6624
瓒,6625
畀,6626
畯,6627
疢,6628
瘿,6629
眴,6630
睒,6631
砑,6632
硱,6633
碕,6634
磳,6635
祢,6636
祴,6637
秫,6638
笭,6639
箦,6640
篠,6641
簜,6642
籧,6643
糇,6644
紬,6645
絅,6646
絭,6647
綟,6648
繟,6649
纩,6650
绦,6651
绨,6652
绹,6653
缒,6654
缲,6655
罋,6656
胂,6657
臟,6658
茈,6659
茑,6660
荞,6661
菉,6662
萑,6663
蓐,6664
蕖,6665
薦,6666
藿,6667
蚡,6668
蚢,6669
蜺,6670
蜾,6671
螀,6672
蟉,6673
蠃,6674
衎,6675
袲,6676
褋,6677
褕,6678
襘,6679
諟,6680
谂,6681
谘,6682
赇,6683
趄,6684
趍,6685
趑,6686
趵,6687
蹢,6688
軗,6689
軿,6690
轘,6691
轵,6692
逴,6693
遊,6694
邛,6695
邴,6696
鉆,6697
鋍,6698
錧,6699
钘,6700
铍,6701
锜,6702
锬,6703
镏,6704
閑,6705
阓,6706
陊,6707
饧,6708
騑,6709
驩,6710
鬧,6711
鬱,6712
鲊,6713
鲐,6714
鲿,6715
鳣,6716
鴈,6717
鶵,6718
鷃,6719
鹘,6720
鹹,6721
麀,6722
麵,6723
龆,6724
丫,6725
傃,6726
傒,6727
儌,6728
剬,6729
喈,6730
垧,6731
垲,6732
堣,6733
娞,6734
婌,6735
婬,6736
崿,6737
嵫,6738
嶓,6739
帨,6740
彯,6741
怗,6742
愔,6743
挭,6744
搉,6745
摛,6746
昴,6747
晡,6748
暐,6749
柎,6750
槚,6751
樛,6752
檡,6753
沍,6754
洧,6755
洹,6756
淗,6757
渶,6758
湹,6759
滢,6760
漻,6761
玠,6762
瑍,6763
瑑,6764
瘼,6765
磾,6766
祑,6767
祲,6768
箎,6769
糅,6770
紃,6771
縠,6772
纁,6773
纚,6774
缃,6775
薀,6776
蟥,6777
襚,6778
覶,6779
訏,6780
譿,6781
诜,6782
谇,6783
豊,6784
跏,6785
轺,6786
辌,6787
辒,6788
遄,6789
遰,6790
郃,6791
酎,6792
釭,6793
鋋,6794
鏕,6795
鑴,6796
镡,6797
顗,6798
飔,6799
驎,6800
鴶,6801
鵖,6802
傞,6803
僊,6804
凈,6805
劼,6806
匽,6807
厘,6808
啋,6809
埭,6810
埽,6811
塺,6812
媹,6813
幎,6814
幙,6815
抃,6816
抔,6817
掎,6818
搢,6819
曛,6820
朓,6821
朿,6822
槔,6823
橼,6824
欻,6825
歈,6826
歛,6827
泇,6828
洺,6829
涷,6830
獘,6831
珣,6832
眛,6833
睎,6834
睕,6835
矼,6836
砢,6837
碁,6838
笪,6839
罏,6840
莆,6841
蚖,6842
蛱,6843
蟺,6844
蠋,6845
褉,6846
褔,6847
谔,6848
谡,6849
蹍,6850
酲,6851
醪,6852
醲,6853
铦,6854
颔,6855
骢,6856
鮹,6857
鳷,6858
鹪,6859
麼,6860
黡,6861
咠,6862
惢,6863
摅,6864
旽,6865
柁,6866
潚,6867
潽,6868
琖,6869
甃,6870
砻,6871
禠,6872
籹,6873
绠,6874
肙,6875
虖,6876
蚬,6877
蜨,6878
觇,6879
誺,6880
豗,6881
豦,6882
跹,6883
辋,6884
鉥,6885
鞨,6886
鮸,6887
傔,6888
呖,6889
咢,6890
嗛,6891
嚜,6892
坶,6893
垭,6894
奭,6895
嬏,6896
寀,6897
寑,6898
屃,6899
岕,6900
峄,6901
嶕,6902
怉,6903
恌,6904
悰,6905
搤,6906
搰,6907
擐,6908
擫,6909
暻,6910
棎,6911
檞,6912
殦,6913
氶,6914
汧,6915
沕,6916
泬,6917
洇,6918
洸,6919
涞,6920
湓,6921
漮,6922
烨,6923
熇,6924
狖,6925
猱,6926
玃,6927
璗,6928
畣,6929
畤,6930
瘅,6931
盷,6932
碔,6933
碚,6934
礽,6935
稌,6936
稐,6937
笻,6938
箐,6939
箜,6940
繠,6941
膴,6942
臙,6943
臞,6944
艅,6945
艎,6946
芧,6947
荛,6948
荩,6949
蔘,6950
蕣,6951
蘜,6952
蚳,6953
蝥,6954
蟏,6955
蟪,6956
袓,6957
袟,6958
褣,6959
褱,6960
詶,6961
跜,6962
轖,6963
迮,6964
邾,6965
鄏,6966
鄢,6967
醑,6968
銕,6969
鏮,6970
鐎,6971
鑱,6972
铻,6973
锟,6974
镆,6975
闉,6976
闑,6977
闚,6978
阤,6979
隃,6980
靸,6981
鞮,6982
韡,6983
韣,6984
饛,6985
馣,6986
骙,6987
骭,6988
骳,6989
髑,6990
鸧,6991
鸲,6992
鹆,6993
鹥,6994
倅,6995
喤,6996
妏,6997
岧,6998
悀,6999
慒,7000
撗,7001
擙,7002
枌,7003
棨,7004
椻,7005
泒,7006
漼,7007
瀁,7008
瓛,7009
硾,7010
禫,7011
繐,7012
莗,7013
葴,7014
葽,7015
赗,7016
銙,7017
隮,7018
儋,7019
哔,7020
圂,7021
姤,7022
岋,7023
嵝,7024
怫,7025
抠,7026
挜,7027
棂,7028
橦,7029
涒,7030
淂,7031
溍,7032
爝,7033
獯,7034
玙,7035
琲,7036
璊,7037
碓,7038
禊,7039
簏,7040
紏,7041
荅,7042
荇,7043
蕑,7044
醆,7045
锴,7046
雊,7047
鞚,7048
頞,7049
馌,7050
鬘,7051
鲥,7052
鷷,7053
鹖,7054
黟,7055
儭,7056
婂,7057
慹,7058
扱,7059
挃,7060
揳,7061
浈,7062
浨,7063
淊,7064
燋,7065
窞,7066
粍,7067
綍,7068
蜤,7069
诎,7070
輀,7071
丟,7072
丼,7073
乯,7074
亂,7075
亙,7076
亞,7077
仌,7078
伩,7079
伿,7080
佇,7081
佘,7082
佪,7083
來,7084
侖,7085
侶,7086
係,7087
俠,7088
倀,7089
倆,7090
倉,7091
個,7092
們,7093
倫,7094
偉,7095
側,7096
偵,7097
偽,7098
傑,7099
傖,7100
傘,7101
備,7102
傭,7103
傯,7104
傳,7105
傴,7106
債,7107
傷,7108
傾,7109
僂,7110
僅,7111
僉,7112
僑,7113
僥,7114
價,7115
儀,7116
儁,7117
儂,7118
億,7119
儈,7120
儉,7121
儐,7122
儔,7123
儕,7124
儘,7125
償,7126
優,7127
儲,7128
儷,7129
儻,7130
儼,7131
兌,7132
兒,7133
內,7134
兩,7135
冊,7136
冪,7137
凍,7138
凜,7139
凱,7140
別,7141
刪,7142
剄,7143
則,7144
剛,7145
剝,7146
剮,7147
剴,7148
創,7149
劃,7150
劇,7151
劈,7152
劉,7153
劊,7154
劌,7155
劍,7156
劑,7157
勁,7158
動,7159
務,7160
勝,7161
勞,7162
勢,7163
勱,7164
勳,7165
勵,7166
勸,7167
勻,7168
嘗,7169
塗,7170
塚,7171
壂,7172
壞,7173
夥,7174
宒,7175
寧,7176
屍,7177
嶽,7178
幹,7179
幾,7180
廱,7181
後,7182
戉,7183
扠,7184
拚,7185
掛,7186
撚,7187
撲,7188
擔,7189
據,7190
於,7191
旳,7192
暠,7193
杮,7194
桮,7195
棲,7196
樸,7197
欅,7198
淩,7199
準,7200
猃,7201
禦,7202
穀,7203
羉,7204
聽,7205
茆,7206
莊,7207
葅,7208
蕫,7209
薑,7210
誇,7211
誌,7212
豐,7213
鏽,7214
鑀,7215
雲,7216
願,7217
鬆,7218
鬥,7219
鹯,7220
僾,7221
叜,7222
喆,7223
垜,7224
夝,7225
婓,7226
寛,7227
寳,7228
庼,7229
悊,7230
抺,7231
斿,7232
暲,7233
曡,7234
朐,7235
朖,7236
柉,7237
梪,7238
榘,7239
櫅,7240
櫉,7241
欎,7242
溕,7243
焬,7244
犂,7245
犠,7246
猨,7247
痬,7248
癊,7249
皷,7250
磪,7251
礿,7252
稉,7253
稙,7254
稯,7255
窂,7256
竈,7257
緍,7258
縺,7259
繵,7260
绲,7261
聴,7262
臈,7263
臽,7264
舘,7265
艶,7266
芺,7267
苐,7268
苼,7269
虵,7270
蝯,7271
蠎,7272
誧,7273
誾,7274
諌,7275
讃,7276
賛,7277
軄,7278
逹,7279
鄃,7280
鈎,7281
鐉,7282
鐏,7283
鑚,7284
閇,7285
霣,7286
飜,7287
餝,7288
餧,7289
駄,7290
驺,7291
髴,7292
鱻,7293
麃,7294
呯,7295
啍,7296
抰,7297
鬫,7298
伋,7299
兊,7300
匃,7301
吥,7302
呇,7303
尌,7304
戯,7305
搣,7306
昩,7307
朾,7308
漙,7309
漧,7310
硙,7311
纑,7312
罸,7313
膦,7314
茏,7315
萹,7316
螬,7317
躱,7318
郷,7319
醖,7320
鎌,7321
闘,7322
飇,7323
鬬,7324
鮀,7325
麤,7326
龡,7327
㑩,7328
呐,7329
呱,7330
呼,7331
嚐,7332
垫,7333
垄,7334
嫋,7335
屙,7336
巹,7337
弑,7338
强,7339
怵,7340
揾,7341
㧑,7342
棁,7343
槁,7344
歎,7345
湧,7346
溜,7347
滚,7348
滥,7349
灩,7350
犛,7351
猛,7352
玨,7353
璿,7354
甕,7355
癡,7356
瞆,7357
矽,7358
簷,7359
糊,7360
糸,7361
紮,7362
絏,7363
䌽,7364
线,7365
羨,7366
翬,7367
脊,7368
蓧,7369
蠍,7370
蠔,7371
䙓,7372
讬,7373
䜣,7374
諡,7375
讚,7376
豔,7377
蹠,7378
醃,7379
钜,7380
铇,7381
铩,7382
镟,7383
镘,7384
锧,7385
閒,7386
靆,7387
靉,7388
飙,7389
肮,7390
鬨,7391
鶤,7392
䴘,7393
䴙,7394
鼇,7395
齧,7396
倃,7397
嘺,7398
囉,7399
塟,7400
塲,7401
孅,7402
恊,7403
憘,7404
攺,7405
朞,7406
樤,7407
欂,7408
澻,7409
灎,7410
笇,7411
茡,7412
莬,7413
蕚,7414
蕳,7415
螎,7416
锿,7417
鎈,7418
隠,7419
餋,7420
鰴,7421
䴓,7422
鴘,7423
鵹,7424
鼂,7425
䌸,7426
刼,7427
楝,7428
槉,7429
様,7430
湉,7431
澟,7432
礑,7433
礹,7434
祂,7435
菫,7436
菿,7437
袐,7438
觔,7439
詑,7440
讉,7441
効,7442
呪,7443
坃,7444
巗,7445
忂,7446
慙,7447
掦,7448
敇,7449
晈,7450
晳,7451
枦,7452
潗,7453
濓,7454
濚,7455
獦,7456
琁,7457
瓌,7458
穏,7459
綘,7460
腠,7461
蓱,7462
訬,7463
踓,7464
錖,7465
錬,7466
鍻,7467
陁,7468
隩,7469
鶱,7470
仭,7471
倢,7472
剰,7473
夐,7474
婏,7475
戻,7476
拪,7477
挻,7478
揑,7479
旟,7480
枑,7481
梐,7482
笣,7483
耏,7484
芗,7485
苿,7486
菂,7487
蛅,7488
袨,7489
趗,7490
逯,7491
铼,7492
陜,7493
顂,7494
魐,7495
僤,7496
朳,7497
栶,7498
甤,7499
紶,7500
繋,7501
羐,7502
薵,7503
鐖,7504
宭,7505
揺,7506
橔,7507
檑,7508
灜,7509
隂,7510
堿,7511
傏,7512
僲,7513
儍,7514
刴,7515
厓,7516
唫,7517
堦,7518
堼,7519
妬,7520
尫,7521
峯,7522
巵,7523
徃,7524
徴,7525
愗,7526
愰,7527
懴,7528
戞,7529
捿,7530
擕,7531
旙,7532
晣,7533
栢,7534
氊,7535
氷,7536
渢,7537
湌,7538
濳,7539
狥,7540
畒,7541
磗,7542
竃,7543
粃,7544
罇,7545
羣,7546
艸,7547
萠,7548
蒭,7549
蠏,7550
褤,7551
覔,7552
誴,7553
賖,7554
踈,7555
踷,7556
軰,7557
鋔,7558
閙,7559
隣,7560
頟,7561
餙,7562
髠,7563
鳯,7564
鵞,7565
麪,7566
屭,7567
䌹,7568
镵,7569
伇,7570
傋,7571
冦,7572
凊,7573
孛,7574
寃,7575
尠,7576
帋,7577
扝,7578
捾,7579
掽,7580
撀,7581
敹,7582
枿,7583
桼,7584
瀺,7585
灔,7586
爕,7587
狢,7588
猈,7589
癯,7590
磵,7591
窻,7592
笰,7593
緜,7594
緾,7595
芴,7596
茦,7597
茰,7598
荽,7599
蒄,7600
蔾,7601
蘘,7602
蠂,7603
轁,7604
遡,7605
釱,7606
鵭,7607
齓,7608
倮,7609
㔉,7610
収,7611
嘷,7612
坣,7613
壄,7614
峍,7615
嶶,7616
廵,7617
恠,7618
撆,7619
斾,7620
暏,7621
椀,7622
椶,7623
槖,7624
欵,7625
滙,7626
滛,7627
濶,7628
璵,7629
秔,7630
簮,7631
䌷,7632
纒,7633
艢,7634
蘐,7635
蠧,7636
謌,7637
逈,7638
鐡,7639
閁,7640
鞵,7641
韈,7642
饀,7643
鱓,7644
鶑,7645
憙,7646
攅,7647
疉,7648
稪,7649
葼,7650
袝,7651
訠,7652
釡,7653
閧,7654
鬂,7655
卌,7656
啛,7657
彔,7658
枼,7659
甾,7660
睘,7661
砀,7662
缷,7663
蜶,7664
鵣,7665
伣,7666
湣,7667
棊,7668
瑖,7669
癎,7670
蘷,7671
廎,7672
繈,7673
訚,7674
勭,7675
咅,7676
啇,7677
堇,7678
堷,7679
姫,7680
孆,7681
巠,7682
敫,7683
斵,7684
昜,7685
栥,7686
楲,7687
楺,7688
榙,7689
歕,7690
浗,7691
畐,7692
硌,7693
磥,7694
腟,7695
舩,7696
辤,7697
雚,7698
囧,7699
堟,7700
姙,7701
恉,7702
慺,7703
旼,7704
晬,7705
杲,7706
糺,7707
翽,7708
訲,7709
詈,7710
迧,7711
鉷,7712
錀,7713
頍,7714
頔,7715
頩,7716
颒,7717
颋,7718
坰,7719
蕰,7720
